ham,Yes ...  education and behavior and positive thinking are very important thing that we should follow ......!
ham,Education is very important the more you learn it the more you feel you need to learn more..
ham,Awesome story I prepared it for my school competition
spam,from where you source your stories
ham,Education is the key to acchieve success it's boost your mind it's learn you how to survive in our life
spam,"Only Islamic education change the whole life, others are way of getting money."
ham,"Never depend on anyone,trust urself,believe me u deserve much more good independent life"
ham,"Your way of explaining is too good in English, thanks for freelancing your knowledge!"
spam,I am a Mechanical Students. Everything is error for me here
ham,This seems like a really interesting approach to the Socratic-like method in a connected world. Great documentary DW!!
ham,"High school became less stressful the moment I realized its just a day care on steroids Holy shit, this could fix everything."
spam,Eduction is created to make more job for useless people not for educating anyone.
ham,One of my life's biggest regrets is not taking my high school education serious. I won't let my kids make that mistake.
spam,most countries need more slaves so why make good education system
ham,Teach people what they actually need to learn
spam,Schools will probably never change
spam,I was born intelligent but education ruined me.
ham,"Education is the passport to the future, for tomorrow belongs to those who prepare for it today"
ham,"Education is not the learning of facts, but the training of the mind to think"
spam,I got a distinction degree in civil engineering...3 years ago...I do have some practical knowledge...but no job
ham,"Yes , I know education is powerful weapon. Most of people like education but have no money , what should we do ? because I have that problem."
ham,Education is rather a waste without applying in real life.
spam,Education is a credit that you'll later owe to society
spam,Education may be important but doesn't have a good system
ham,"I prefer to learn about things that I want to learn"" - best learning styleI prefer to learn about things that I want to learn"" - best learning style"
ham,"I always figured the learning styles were idleness, procrastination, and unproductivity"
ham,"I?m a ?memorization? learner: I memorize the material, pass the test, then immediately throw it out of my brain."
ham,I'm a clarity learner. I learn better when the information is clearer
ham,"I like it a lot, as an educator I think using all styles together gives best results. Still, I'd like to point out that remembering is only part of the learning."
ham,He?s a funny charismatic dude! I enjoy when he calls nba games.
ham,"I always love seeing the coaches' reaction. Just celebrating someone else's success together feels good, even to watch."
spam,Did anyone realise how there is an error on the title it's amazing
spam,"had to stop watching, someone remake this please without the lame-o-track"
ham,Most unlucky dismissal is moin ali's free hit run out in ipl 2020...
spam,Brett Lee celebrated as if he intended to hit his helmet to make him out
ham,"The last one was not unlucky , that was a silly dismissal"
spam,"So nobody is going to talk about how good these deliveries were, despite the fact that batsmen were unlucky."
ham,"No matter who the batsmen is, Dale steyn is still the king of fast bowling... Miss you STEYN GUN !"
spam,"Still, I haven't ever seen a video about yokers without lasith malinga"
ham,does matter how many years has passed... cant forget leverock catch...
spam,Rare to see Boucher missing a catch
ham,Catches win matches as long as catches are taken it is fine
spam,Not funny catches. It's wonderful catches. Change the title brother
ham,He has very lethal speed of 115-120. He can scare any batsman. Plus he can hit 45 meter huge sixes.
spam,Tim Paine and Justin Langer : watching from corner
ham,He is one of the best hitters in today's generation! His Bat swing is unbelievable
ham,It wasn't Dinesh Karthik's fault it was just a stunner by Sam Curran
spam,This is why they say......'KEEP YOUR EYES ON THE BALLS'
ham,Who else is laughing at batsman's reaction but also feeling bad for him.
ham,Very glad to see the people at the Old Age Home enjoying Noodles. Thanks a lot Village Cooking Channel.
ham,"Perfect, We love the way you guys do all that. Great stuff in traditional way."
ham,"We love being here watching these delicious dishes, it gives you nothing but joy "
spam,can someone use the normal flour instead of the cake flour
ham,I?ve tried the recipe and it turned out amazing. Strongly recommend it. Thank you so much.
ham,"It looks amazing, easy to make and I'm sure it's delicious too!!!!"
spam,what is raskachura the first ingredient you added i can't find it what it is called in English mam
spam,yummy i already make it but i copy your recipe its very tasty
ham,My Gulab Jamun got some cracks on them when I was frying in the oil what  did I miss
ham,"It looks delicious, but are you really using 12 Tablespoons of Tumeric?"
spam,"Huh, anyway check out this you[tube] channel: kobyoshi02"
spam,"Hey guys check out my new channel and our first vid THIS IS US THE  MONKEYS!!! I'm the monkey in the white shirt,please leave a like comment  and please subscribe!!!!"
spam,just for test I have to say murdev.com
spam,me shaking my sexy ass on my channel enjoy ^_^ ãØ®
spam,watch?v=vtaRGgvGtWQ   Check this out .ãØ®
spam,"Hey, check out my new website!! This site is about kids stuff. kidsmediausa  . com"
spam,Subscribe to my channel ãØ®
ham,i turned it on mute as soon is i came on i just wanted to check the  views...ãØ®
spam,You should check my channel for Funny VIDEOS!!ãØ®
spam,and u should.d check my channel and tell me what I should do next!ãØ®
spam,Hey subscribe to meãØ®
spam, Once you have started reading do not stop. If you do not subscribe to me  within one day you and you're entire family will die so if you want to stay  alive subscribe right now.ãØ®
spam,https://twitter.com/GBphotographyGBãØ®
spam,subscribe like commentãØ®
spam,please like :D https://premium.easypromosapp.com/voteme/19924/616375350ãØ®
spam,"Hello! Do you like gaming, art videos, scientific experiments, tutorials,  lyrics videos, and much, much more of that? If you do please check out our  channel and subscribe to it, we've just started, but soon we hope we will  be able to cover all of our expectations... You can also check out what  we've got so far!ãØ®"
ham,I'm only checking the viewsãØ®
spam,http://www.ebay.com/itm/171183229277?ssPageName=STRK:MESELX:IT&amp;_trksid=p3984.m1555.l2649 ãØ®
spam,http://ubuntuone.com/40beUutVu2ZKxK4uTgPZ8KãØ®
spam,"We are an EDM apparel company dedicated to bringing you music inspired  designs. Our clothing is perfect for any rave or music festival. We have  NEON crop tops, tank tops, t-shirts, v-necks and accessories! follow us on  Facebook or on instagraml for free giveaways news and more!! visit our site  at OnCueApparelãØ®"
ham,i think about 100 millions of the views come from people who only wanted to  check the viewsãØ®
spam,subscribe to my channel people :DãØ®
spam,Show your AUBURN PRIDE HERE: http://www.teespring.com/tigermeathoodieãØ®
ham,just checking the viewsãØ®
spam,CHECK OUT MY CHANNEL
spam,marketglory . com/strategygame/andrijamatf earn real money from game
spam,Hey guys! Im a 12 yr old music producer. I make chiptunes and 8bit music.  It would be wonderful if you checked out some of my 8bit remixes! I even  have a gangnamstyle 8bit remix if you would like to check that out ;)  Thanks!!
spam,Check me out! I'm kyle. I rap so yeah ãØ®
ham,I dont even watch it anymore i just come here to check on 2 Billion or notãØ®
spam,"Subscribe to me for free Android games, apps.. ãØ®"
spam,everyone please come check our newest song in memories of Martin Luther  King Jr.ãØ®
ham,"Came here to check the views, goodbye.ãØ®"
spam,sub my channel for no reason -_-ãØ®
spam,"Check out my dubstep song ""Fireball"", made with Fruity Loops. I really took  time in it.  /watch?v=telOA6RIO8oãØ®"
ham,2 billion....Coming soonãØ®
ham,Why dafuq is a Korean song so big in the USA. Does that mean we support  Koreans? Last time I checked they wanted to bomb us. ãØ®
spam,Check my channel please! And listen to the best music ever :PãØ®
spam,SUB 4 SUB PLEASE LIKE THIS COMMENT I WANT A SUCCESFULL YOUTUBE SO PPLEASE LIKE THIS  COMMENT AND SUBSCRIBE IT ONLY TAKES 10 SECONDS PLEASE IF YOU SUBSCRIBE ILL  SUBSCRIBE BACK THANKSãØ®
spam," Hey everyone!! I have just started my first YT channel i would be grateful  if some of you peoples could check out my first clip in BF4! and give me  some advice on how my video was and how i could improve it. ALSO be sure to  go check out the about to see what Im all about. Thanks for your time :) .  and to haters... You Hate, I WINãØ®"
spam,"The projects After Effects, Music, Foto, Web sites and another you can find  and buy here  http://audiojungle.net/user/EugeneKalinin/portfolio?ref=EugeneKalininãØ®"
spam,YouTube/codytolleson for awesome videos I'll subscribe back ãØ®
spam,if you like roblox minecraft world of warcraft gta5 mario suscribe to my  channelãØ®
spam,SUBSCRIBE TO ME AND I'LL SUBSCRIBE TO YOU! (Must like - cZFcxsn0jnQ) ãØ®
spam,http://www.twitch.tv/jaroadc come follow and watch my stream!ãØ®
spam,"if you like raw talent, raw lyrics, straight real hip hop Everyone check my newest sound  Dizzy X - Got the Juice (Prod by. Drugs the Model Citizen)   COMMENT TELL ME WHAT YOU THINK  DONT BE LAZY!!!!  - 1/7 ProphetzãØ®"
spam,....subscribe......  ......to my........  .....channel.......ãØ®
ham,"now its 1,884,034,783 views! pls. comment the view count the next hour :PãØ®"
spam,http://www.avaaz.org/po/petition/Youtube_Corporation_Fox_Broadcasting_Company_Anular_os_strikes_no_Canal_Nostalgia/?cXPZpgb ãØ®
ham,go here to check the views :3ãØ®
ham,thumbs up if u checked this video to see hw views it gotãØ®
spam,Plz subscribe to my channel and I will subscribe back xxãØ®
ham,i check back often to help reach 2x10^9 views and I avoid watching BabyãØ®
ham,This video will get to 2 billion just because of people checking if it has  hit 2 billion yet.ãØ®
spam,https://www.facebook.com/pages/Brew-Crew-2014/134470083389909 Like this  facebook-page! Chance to win an Iphone 5S!ãØ®
spam,get GWAR to play 2015 superbowl  http://www.change.org/petitions/the-national-football-league-allow-gwar-to-perform-the-2015-super-bowl-halftime-show#share ãØ®
spam,Pls follow this channel!! http://www.twitch.tv/sevadusãØ®
spam,hi guys check my youtube channelãØ®
spam,Subscribe and like to me for more how to videos on minecraft!ãØ®
spam,http://tankionline.com#friend=cd92db3f4 great game check it out!ãØ®
spam,Subscribe ME!ãØ®
ham,Im just to check how much views it hasãØ®
ham,The first comment is chuck norrus ovbiously :DãØ®
ham,Behold the most viewed youtube video in the history of everãØ®
ham,when is this gonna hit 2 billion?ãØ®
ham,the most viewed youtube video of all time?ãØ®
ham,"969,210 dislikes like dislike themselvesãØ®"
ham,psy=koreanãØ®
ham,"OMG this oldspice spraytan party commercial omg....i'm sitting here ""NO  this isn't a real thing is it? OMG"" ãØ®"
ham,"This is the only video on youtube that get so much views just because we  want to see how much views it has. 1.000.000 every day, I mean, Most people  think a video is popular when it actually gets 1.000.000 views.ãØ®"
ham,It's been back for quite a while now.
ham,2 Billions in 2014
spam,plz check out fablife / welcome to fablife for diys and challenges so plz  subscribe thx!ãØ®
spam,Sub my channel!ãØ®
spam,http://www.ebay.com/itm/131338190916?ssPageName=STRK:MESELX:IT&amp;_trksid=p3984.m1555.l2649 ãØ®
spam,http://www.guardalo.org/best-of-funny-cats-gatti-pazzi-e-divertenti-2013-5287/100000415527985/ ãØ®
spam,"if your like drones, plz subscribe to Kamal Tayara. He takes videos with  his drone that are absolutely beautiful.ãØ®"
spam,http://hackfbaccountlive.com/?ref=4604617ãØ®
spam,"WHATS UP EVERYONE!? :-) I Trying To Showcase My Talent To The World! I Have Over 3000 SUBSCRIBERS! I PROMISE! I Dont Suck! Please Spread My Covers Around, SUBSCRIBE &amp; Share! Thanks so much for all your support! Lucas Trigo -Stay Awesome! ãØ®"
spam,-----&gt;&gt;&gt;&gt;  https://www.facebook.com/video.php?v=10200253113705769&amp;set=vb.201470069872822&amp;type=3&amp;permPage=1  &lt;--------ãØ®
spam,"Hi there~I'm group leader of Angel, a rookie Korean pop group. We have four  members, Chanicka, Julie, Stephanie, and myself, Leah. Please feel free to  check out our channel and leave some feedback on our cover videos (:  criticism is welcome as we know we're not top notch singers so please come  leave some constructive feedback on our videos; we appreciate any chance to  improve before auditioning for a Korean management company. We plan on  auditioning for JYP, BigHit, Jellyfish, YG or SM. Thank you for taking time  out of your day to read this !ãØ®"
spam,http://woobox.com/33gxrf/brt0u5 FREE CS GO!!!!ãØ®
ham,Admit it you just came here to check the number of viewers ãØ®
ham,"Just coming to check if people are still viewing this video. And  apparently, they still do.ãØ®"
spam,Check my first video outãØ®
spam,Check my channelãØ®
ham,PSY - GANGNAM STYLE (à¯?â??ç??°ü?çù¨) M/V: http://youtu.be/9bZkp7q19f0ãØ®
spam,Suscribe My Channel Please XD lolãØ®
ham,Wow. Comments section on this still active. Not bad. Also 5277478 comments.  (Now 79)ãØ®
spam,http://binbox.io/1FIRo#123ãØ®
ham,Ching Ching ling long ding ring yaaaaaa Ganga sty FUCK YOU.ãØ®
spam,https://www.indiegogo.com/projects/cleaning-the-pan--2    please halp me  with my projectãØ®
spam,There is one video on my channel about my brother...ãØ®
spam,"Check my channel, please!ãØ®"
spam,"Does anyone here use gift cards like Amazon, itunes, psn, google play,  itunes, or any other gift cards? Then you'll be happy to know you can get  free gift card codes for free from an amazing site. Here is a $50 itunes  gift card code XXBB5TCZHM39HVZDãØ®"
ham,Why does this video have so many views? Because asian things are awesome and non-asian countries are jelly so they  try to learn from asia by looking at this video d:ãØ®
spam,Plizz withing my channel ãØ®
spam,I made a gaming channel (Unique right?) :L Angry Minecraft!ãØ®
spam,Please help me go here http://www.gofundme.com/littlebrotherãØ®
spam,Anybody who subscribes to me will get 10 subscribersãØ®
spam,http://thepiratebay.se/torrent/6381501/Timothy_Sykes_CollectionãØ®
spam,"My videos are half way decent, check them out if you want.ãØ®"
ham,"they said this video are not deserve 2billion views , while they keep  visiting it to watch the viewer . ãØ®"
spam,subscribe to itz recaps and above diddleãØ®
ham,Screw this Chinese crap i dont even understand what he is saying. Why isn't  he speaking English like everyone should?ãØ®
spam,need money?Enjoy https://www.tsu.co/emerson_zanolãØ®
spam,Sub to my channel visuelgamingzNL I sub backãØ®
spam,please subscribe i am a new youtuber and need help please subscribe and i  will subscribe back :D hoppa HOPPA GaNgAm StYlEãØ®
spam,sub me if you dont like the songãØ®
ham,This is a weird video.ãØ®
ham,8 million likes xD even the subscribers not 8 million xDãØ®
spam,EHI GUYS CAN YOU SUBSCRIBE IN MY CHANNEL? I AM A NEW YOUTUBER AND I PLAY  MINECRAFT THANKS GUYS!... SUBSCRIBE!ãØ®
spam,Hi everyone! Do you like music? Then why not check out my music channel.  The LEXIS band will be uploading their own songs and covers soon so don't  miss out. Please SUBSCRIBE too as it does help us out a lot. Just takes one  click. -&gt;ãØ®
ham,This song never gets old love it.ãØ®
spam,gofundme.com/grwmpsãØ®
spam,"Hey guys please check out my new Google+ page it has many funny pictures,  FunnyTortsPics  https://plus.google.com/112720997191206369631/postãØ®"
ham,#2012bitchesãØ®
ham,Made in china....ãØ®
ham,5 milions comentars and 2 bilion viewsãØ®
ham,It is 0 zeroãØ®
ham,Mix - PSY - GANGNAM STYLE (à¯?â??ç??°ü?çù¨) M/V: PSY - GANGNAM STYLE (à¯?â??ç??°ü?çù¨) M/VãØ®
ham,This has had over 2 billion views.  Holy shit.ãØ®
ham,"how can there be 2.124.821.694 views, when im the only person alive after  the zombie apocalypse - greetings, spoderman :)ãØ®"
spam,Suscribe my channel pleaseãØ®
ham,"2,124923004 wiews... wowãØ®"
spam,guys please subscribe me to help my channel grow please guysãØ®
ham,Great music anywayãØ®
ham,PSY - GANGNAM STYLE (à¯?â??ç??°ü?çù¨) M/V: http://youtu.be/9bZkp7q19f0ãØ®
ham,"so crazy, over 2 billion views, not US, not Uk, its Korea republic, its  asiaãØ®"
spam,Discover a beautiful song of A young Moroccan     http://www.linkbucks.com/AcN2gãØ®
spam,"Like getting Gift cards..but hate spending the cash.... Try Juno Wallet !!! At Juno Wallet you can earn money for gift cards such as ; Nike, Gamestop,  Amazon , Ebay Etc &amp; its easy  Earn money by doing simple task like watching videos..downloading apps &amp;  you can even earn money by inviting your friends to join...its free for  signup Sign up today &amp; use promo code BD3721315ãØ®"
ham,Can somebody wake me up when we get to 3 billion views.ãØ®
ham,PSY GOT LOTS  OF MONEY FROM YOUTUBE THAT HE GOT FROM 2 BILLION VIEWS THIS  IS THE MOST VIEWS IN THE WORLD :DãØ®
ham,Justin bieber = gay ãØ®
ham,You gotta say its funny. well not 2 billion worth funny but still. It  clicked and everything went uphill. At least you don't have JB's shit on  #1.ãØ®
ham,Éù?ã?è Éù?ã?è Éù?ã?è Éù?ã?è Éù?ã?èÉù?ã?èÉù?ã?èÉù?ã?èãØ®
ham,"Ahhh, 2 years ago....ãØ®"
spam,"Dance dance,,,,,Psy  http://www.reverbnation.com/msmarilynmilesãØ®"
spam,"check out ""starlitnightsky"" channel to see epic videosãØ®"
spam,https://www.tsu.co/KodysMan plz ^^ãØ®
ham,Stupid people... this video doesnt have 2 billion visits. Have 2 thousands  millionsãØ®
spam,http://www.gcmforex.com/partners/aw.aspx?Task=JoinT2&amp;AffiliateID=9107ãØ®
spam,check men out i put allot of effort into my music but unfortunatly not many  watch itãØ®
spam,pls http://www10.vakinha.com.br/VaquinhaE.aspx?e=313327 help me get vip gun  cross fire alãØ®
spam,Add me here...https://www.facebook.com/TLouXmusicãØ®
spam,CHECK MY CHANNEL OUT PLEASE. I DO SINGING COVERSãØ®
ham,I think this is now a place to promote channels in the comment section lol.ãØ®
spam,Get free gift cards and pay pal money!ãØ®
spam,Check out pivot animations in my channelãØ®
spam,Follow me on twitter &amp; IG : __killuminati94ãØ®
spam,Check me out I'm all about gaming ãØ®
ham,Oppa! Yeah! Best Song!ãØ®
spam,More... http://www.sunfrogshirts.com/Sunglass-World.html?24398ãØ®
spam,https://www.facebook.com/teeLaLaLaãØ®
spam,http://www.twitch.tv/zxlightsoutxzãØ®
spam,reminds me of this song https://soundcloud.com/popaegis/wrenn-almond-eyesãØ®
spam,What free gift cards? Go here  http://www.swagbucks.com/p/register?rb=13017194ãØ®
spam,"Search ""Chubbz Dinero - Ready Or Not "" Thanks ãØ®"
spam,Follow me on Twitter @mscalifornia95ãØ®
ham,???Æ???????è???¶???????????????????????????????????????????ù???????????ç???????????˙???????Ê???????˝???Ò???????¯???????????????????ù???????ú???????????õ???≠???ˇ???™???????????ê???????????????????????????????ü???????Å????????É?ß  every single types of face on earthãØ®
ham,É?™É?™É?™É?™É?™É?™É?™É?™É?™É?™Ö????????Ö??É?™É?™É?™É?™É?™É?™É?™É?™ ã¨?ã¨≠ã¨?ã¨? ã¨?ã¨?ã¨?ã¨? ã¨úã¨?ã¨?ã¨?ã¨ùã¨?ã¨? ã¨?ã¨? ã¨?ã¨≠ã¨?ã¨úY É?™É?™É?™É?™É?™É?™É?™É?™É?™É?™Ö????????Ö??É?™É?™É?™É?™É?™É?™É?™É?™ãØ®
spam,CHECK MY CHANNEL FOR MY NEW SONG 'STATIC'!! YOU'LL LOVE IT!!ãØ®
spam,Incmedia.org where the truth meets you.ãØ®
spam,look at my channel i make minecraft pe lets play ãØ®
ham,I found out this song nowãØ®
ham,2 BILLION!!!ãØ®
ham,Song name??ãØ®
spam,please like : http://www.bubblews.com/news/9277547-peace-and-brotherhoodãØ®
spam,hey again if you guys wouldnt mind chacking out my rap give it like and il  giver 3 of your vids a likeãØ®
spam,http://www.amazon.co.uk/gp/offer-listing/B00ECVF93G/sr=8-2/qid=1415297812/ref=olp_tab_refurbished?ie=UTF8&amp;condition=refurbished&amp;qid=1415297812&amp;sr=8-2 ãØ®
ham,"The most watched video on YouTube is PsyÉ??s É??Gangnam StyleÉ?ù, with 2.1  billion views. PSY - GANGNAM STYLE (à¯?â??ç??°ü?çù¨) M/VãØ®"
spam,Subscribe to me and I'll subscribe back!!!ãØ®
spam,http://flipagram.com/f/LUkA1QMrhFãØ®
spam,For Christmas Song visit my channel! ;)ãØ®
spam,http://www.gofundme.com/gvr7xgãØ®
spam,Subscribe to me i subscribe back!!!! Plus i have a nice ass lolãØ®
spam,https://www.change.org/p/facebook-twitter-youtube-do-not-censor-julien-blanc ãØ®
spam,https://soundcloud.com/jackal-and-james/wrap-up-the-nightãØ®
spam,https://www.surveymonkey.com/s/CVHMKLTãØ®
spam,Please give us a chance and check out the new music video on our channel!  You won't be disappointed.ãØ®
spam,Please subscribe to meãØ®
ham,"This is the best, funny and viral video of history (youtube) THE TRUEãØ®"
spam,Please check out my vidiosãØ®
ham,OPPA GANGNAM STYLE!!!ãØ®
ham,"The funny thing is, 1,700,000,000 of the views are spam bots. I mean c'mon  2 BILLION views? BS!ãØ®"
ham,OPPA &lt;3ãØ®
ham,It's so funny it's awesomeness lol aaaaaaa sexy lada????ãØ®
ham,most viewed video in the worldãØ®
ham,I'm here to check the views.. holy shitãØ®
ham,"Dear person reading this, You are beautiful and loving Have a great dayãØ®"
spam,http://www.ermail.pl/dolacz/V3VeYGIN CLICK  http://www.ermail.pl/dolacz/V3VeYGIN  http://www.ermail.pl/dolacz/V3VeYGIN  http://www.ermail.pl/dolacz/V3VeYGIN  http://www.ermail.pl/dolacz/V3VeYGIN  http://www.ermail.pl/dolacz/V3VeYGIN  http://www.ermail.pl/dolacz/V3VeYGINãØ®
spam,Have you tried a new social network TSU? This new social network has a  special thing.You can share the posts as well as on fb and twitter and even  to'll get paid You can registr here:  https://www.tsu.co/WORLDWIDE_LIFEãØ®
ham,The Guy in the yellow suit kinda looks like Jae-suk ãØ®
spam,"People, here is a new network like FB...you register also free, the  difference is only that you get paid for sharing, commenting and liking  posts and so one...don't waste your time on fb for sharing and not being  paid!! Register here to make also money with your everyday posts!!  https://www.tsu.co/slema13 Wellcome to everyone! ;)ãØ®"
ham,How are there 2 billion views and theres only 2 million people in the  world!?!?!?!! MULTIPLE ACCOUNTS!!!1111ãØ®
ham,WAT DA FUCK THIS THE MOST VIEWED VIDEO IN YOUTUBE!ãØ®
ham,OMG 2/7 People watched this video because there are 7 billion people in the  world and 2 billion watched thisãØ®
ham,What is he saying?!?!?!?!?!?!?!?$? ãØ®
ham,this has so many viewsãØ®
ham,OMG over 2 billion views!ãØ®
spam,Subscribe to me plz plz plz plz plz plZ ãØ®
spam,http://www.twitch.tv/tareko100 Follow him on twitch and enter the keyword  !5800 and you'll have a chance of winning a really nice and expensive gun  for csgo that you can sell on the steam marketãØ®
ham,"i am 2,126,492,636 viewer :DãØ®"
spam,https://www.tsu.co/Aseris get money here !ãØ®
ham,Fantastic!ãØ®
ham,The population of world is more than 7 billionãØ®
ham,2.126.521.750  views!!!!!!!!!!!!!!!!!ãØ®
ham,Wow 23 min agoãØ®
ham,SUPER!!! !!!!!!!!!!!!!!!!!!!!!!!!!!!!!!!!!!!!!!!!ãØ®
ham,P E A C E  &amp;  L O V E  ! !ãØ®
ham,How can this music video get 2 billion views while im the only one watching  here on earth?????? lolãØ®
spam,Please friend read my book and repass: http://www.4shared.com/web/preview/pdf/CjFofTxeba?ãØ®
spam,subscribe to me :) ãØ®
ham,Still the best. :DãØ®
ham,The most liked video on YouTube...ãØ®
ham,Still watching this 2 years later? ãØ®
spam,"Hello! I'm kind of new to Youtube, And soon i'm soon going to be making  Launchpad Video's! :D I would really appreciate if i got some subs before i  started so that people can spot me easily! I dont really care about hate  comments so dont bother -_-ãØ®"
ham,"Lol...I dunno how this joke gets a lot of likes, but whatever. xDãØ®"
ham,2 Billion Views For This Piece Of Shit... ~ A R E ~ Y O U ~ K I D D I N G ~ M E ~ãØ®
ham,GANGMAN STY- *D-D-D-D-D-D--DROP THE BASS!!*ãØ®
ham,Will this song ever reach 7 Billion Views?ãØ®
spam,"Im a RAPPER/SONGWRITER, check my video PLEASE..also subscribe for more  thanks :) tell me what you think.ãØ®"
ham,"Hello all 29.24% earth population of the world, hope your having a great  day :)ãØ®"
ham,"Is this the video that started the whole ""got my dick stuck in an elevator""  excuse thing? ãØ®"
spam,Can anyone sub to my channel? :DãØ®
ham,prehistoric song..has beenãØ®
ham,You think you're smart?        Headbutt your face.ãØ®
ham,DISLIKE.. Now one knows REAL music - ex. Enimen ãØ®
ham,Loool nice song funny how no one understands (me) and we love itãØ®
ham,Like if you came here too see how many views this song has.ãØ®
ham,We pray for you Little Psy É?≠ãØ®
ham,"''Little Psy, only 5 months left.. Tumor in the head :( WE WILL MISS U &lt;3ãØ®"
spam, Follow me on Instagram. _chris_cz  ãØ®
ham,how is this shit still relevant ãØ®
ham,LOL this shit never gets oldãØ®
ham,What Can i say....This Song He Just Change The World Completely... So good job PSY... (and your girls are awesome :))) )ãØ®
ham,On 0:02 u can see the camera man on his glasses....ãØ®
ham,this comment is wrongãØ®
ham,i hate this music. fucking singer and every koean chainise ana US sucks me dick.ãØ®
ham,2:05. Hahahahah ãØ®
ham,Can we reach 3 billion views by December 2014? ãØ®
ham,"Dumb Guy: Why is there 2 billion views when there are 7 million people on  earth??? Also, I know what 1+1 equals! 1+1=1! I am a smartie pantsãØ®"
ham,"People Who Say That ""This Song Is Too Old Now, There's No Point Of  Listening To It"" Suck. Just Stfu And Enjoy The Music. So, Your Mom Is Old  Too But You Still Listen To Her Right?....ãØ®"
ham,The Funny Thing Is That this song was made in 2009 but it took 2 years to  get to america.ãØ®
ham,why I dont see any comments but mine?:/ãØ®
ham,this jap is such a piece of shit. he is such a worthless fish head. i dont  know how any one likes this dumb untanlted gook. this isnt even fucken  music. this is so fucking sad that this is even such thing. people are so  fucked up.ãØ®
ham,I remember when everyone was obsessed with Gangnam Style ????ãØ®
ham,Remove This video its wankãØ®
spam,"It's so hard, sad :( iThat little child Actor HWANG MINOO dancing very  active child is suffering from brain tumor, only 6 month left for him .Hard  to believe .. Keep praying everyone for our future superstar.  #StrongLittlePsY #Fighting  SHARE EVERYONE PRAYING FOR HIM http://ygunited.com/2014/11/08/little-psy-from-the-has-brain-tumor-6-months-left-to-live/ ãØ®"
ham,"Why the fuck this keeps updated? Comments :""5 minutes ago"" Song: ""2 years and  4 months ago""ãØ®"
ham,MANY MEMORIES...........ãØ®
ham,why are they 5million comments when there is only 279.898 youtube Users.   5million fake account or PSY hacked youtubeãØ®
ham,"2,000,000,000 out of 7,000,000,000 people in the would saw this video just  in 2 years and yeat i only get 2 words out of the hole songãØ®"
ham,"This video is so cool, again and again!ãØ®"
ham,I am now going to voyage to the first comment...      Tell my family I loved them. ???õãØ®
ham,"How did THIS Video in all of YouTube get this many views and likes? Why  Gangnam style? I don't have a problem with it, i just don't understand the  phenomena behind it, it's just like any other random music video out  there. ãØ®"
ham,With the korean girl more slut and bitch : Hyuna :'33ãØ®
spam,Hey guys! Check this out: Kollektivet - Don't be slappin' my penis!  I  think that they deserve much more credit than they receive.ãØ®
ham,Still a very fun music video to watch! ãØ®
ham,C'mon 3 billion views!!!!!!!!ãØ®
spam,"Hey everyone, I am a new channel and will post videos of book reviews and  music on the flute. Please subscribe if you would enjoy that. Thanks!ãØ®"
ham,"Hey I think I know what where dealing with here!!!! I have some theories of  how this could've gotten 2billion hits!! 1. This was mabey made in korea and its realy popular there so they were  stuck watching this over and over again. 2. Over 2billion people have access to the Internet, including youtube, and  the numbers are rising, by 2017 half of the populatoin will be connected. 3. Hackers In Korea may have loved it so much they rised it to 2billion  hits to make it more popular.  4. The song was featured in a just dance game, on multiple mp3s, and been  seen on concerts and even on new years eve event in 2012, so just by seeing  those you mabey adding more hits to this video. 5. You are complaining to much on how the heck this has 2b hits.ãØ®"
spam,subscribe my chanelãØ®
ham,"THIS HAS MORE VIEWS THAN QUEEN AND MICHAEL JACKSON, 2 BILLION views omgãØ®"
ham,LoLãØ®
ham,If you pause at 1:39 at the last millisecond you can see that that chick is  about to laugh. Takes a few tries.ãØ®
ham,"9 year olds be like, 'How does this have 2 billion views when there are  only 3 people in the world'ãØ®"
ham,PSY is a good guyãØ®
ham,WHY DOES THIS HAVE 2 BILLION VIEWS THIS SONG IS SO ANNOYINGãØ®
spam,https://www.facebook.com/pages/Mathster-WP/1495323920744243?ref=hlãØ®
ham,1 millioon dislikesssssssssssssssssssssssssssssssss.............ãØ®
ham,The little PSY is suffering Brain Tumor and only has 6 more months to live.  Please pray to him and the best lucks.ãØ®
ham,For all of the little kidz out there there is Like 7 to 8 Billon people on  earth NOT 7 to 8 MILLON.Get you facts straight before posting comments.ãØ®
ham,How stupid humanity isãØ®
spam,Come and watch my video it is called the odowd crowd zombie movie part 1 ãØ®
ham,You know a song sucks dick when you need to use google translate to know  what the fuck its saying!ãØ®
ham,"We get it, you came here for the views... ãØ®"
ham,Wow this video is the most viewed youtube video.. second that comes Justin  bieber- baby SMH WHAT HAS THE WORLD COME TOãØ®
spam,"Hey, join me on tsèÆ, a publishing platform where I share my content now:  http://tsu.co/MarkusMairhoferãØ®"
ham,"This song is great there are 2,127,315,950 views wowãØ®"
ham,I'm watching this in 2014ãØ®
ham,Most viewed video on youtube...daaaaaaaaaaannng those views can almost  dominate the entire...china...ãØ®
ham,"how does this video have 2,127,322,484 views if there are only 7 million  people on earth?ãØ®"
ham,What my gangnam styleãØ®
ham,Lol this youtuber (officialpsy) is getting so much money lolãØ®
ham,1 million dislikes!EPIC FAIL(ready for you fanboys)ãØ®
ham,"If I knew Korean, this would be even funnier. At least a bit at the end was  in English, but was spoken quite rapidly.ãØ®"
ham,"Enough with the whole ""how does this have two billion views if there's only  7 million on the planet"" we get it. You're joking. It's not funny anymore.ãØ®"
spam,"If I get 100 subscribers, I will summon Freddy Mercury's ghost to whipe  from the face of earth One Direction and Miley Cirus.ãØ®"
spam,if i reach 100 subscribers i will go round in public pouring a bucket of  ice water over people and then running away acting like it wasn't me! like  so people can see!!ãØ®
ham,YOUTUBE MONEY !!!!!!!!!!!!!!!!!!!!!!!ãØ®
ham,2 billion for this shit?ãØ®
ham,"2 billion views, only 2 million sharesãØ®"
spam,Hi guys my name is Dylan and I do IRL football videos I have 1030  subscribers and I think you guys would like my content so come check it out  and if you do subscribe!ãØ®
spam,If I get 300 subscribers by tomorrow I'll do a epic Hunger Games Video! ãØ®
spam,follower please https://www.facebook.com/lists/161620527267482ãØ®
ham,2 billion views wow not even baby by justin beibs has that much he doesn't  deserve a capitalized nameãØ®
spam,If i reach 100 subscribers i will tazz my self and my friendãØ®
spam,Please help me go to college guys! Thanks from the bottom of my heart.  https://www.indiegogo.com/projects/i-want-to-go-to-college--19/x/9082175ãØ®
spam,https://www.facebook.com/SchoolGeniusNITS/photos/ms.c.eJw9kVkOxDAMQm808h5z~;4sNjqP~_tHqBEuM69AQUp1Ih~_fPHgk5zLLsVdQv0ZUf0MB~;LnUJ~;ufTH4YoKfRxYts2zvrrp6qGtw67y~;L551h~;f7~_vlcZzRG8vGCTlPSD9ONGeWhj8~_GIbu~;S3lzMvY~;IQ2~;TwSfzz9WHn7JUSvHufpglQRZczl05fNPhaGeVb3x8yDmC6X~_~;jTcjnMho~;vfXWCjZyvWObihrnGx2ocjnG2PG1EvHXzyjD~_o3h~_RY6f57sPrnD2xV~;~_BzszZ~;8~-.bps.a.390875584405933/391725794320912/?type=1&amp;theater ãØ®
spam,I am so awesome and smart!!! Sucscribe to me!ãØ®
spam,Follow 4 Follow                           @ VaahidMustafic Like 4 Like ãØ®
spam,http://hackfbaccountlive.com/?ref=4436607  psy news offéÒcal ãØ®
spam,https://www.facebook.com/nicushorbboy add mee &lt;3 &lt;3ãØ®
spam,im sorry for the spam but My name is Jenny. I go to high school where  everyone dresses fashionable but for me I don't because i need money to buy  cute clothes. I have low self esteem . I live with my dad. my mom passed  away when i was 6 so i don't really have a mother figure. I have 2 brothers  who is older than me. Since they are boys they get the attention while i  just be alone. I really want to wear pretty clothes like the girls in my  school and get a boyfriend. i just can't be my self. im very quite and shy  at school because i don't have the confidence in myself to talk to someone.  i did have one friend name Caroline but she moved away so now im alone. if  you could donate some money to me it would be great. i don't care about  expensive brand ill just shop at walmart because they have pretty clothes.  also i wanna get my nails done at a salon . i see alot of girls have these  french tips. i never had my nail did at a salon before i will really  appreciate if i can and get my hair curled too. http://www.gofundme.com/dressprettyonce thanks omg please.ãØ®
ham, I hate this song! ãØ®
spam,please throw a sub on my channelãØ®
ham,"NEW GOAL!   3,000,000!  Let's go for it!ãØ®"
spam,Go to my channel if u want to see a fly getting burned aliveãØ®
ham,just came here to check the views :PãØ®
spam,"COME AND CHECK OUT MY NEW YOUTUBE CHHANEL, GOING TO BE POSTING DAILY!ãØ®"
ham,I hav absolutely no idea what he's saying. Is it even a language?ãØ®
spam,Please check out my vidios guysãØ®
ham,I still to this day wonder why this video is so popular ?? illuminati  confirmed ??ãØ®
spam,Hey guys can you check my channel out plz. I do mine craft videos. Let's  shoot for 20 subsãØ®
ham,This is getting old.........ãØ®
spam,PLEASE SUBSCRIBE ME!!!!!!!!!!!!!!!!!!!!!!!!!!!!!!!!!!!!!!!!!!!!!!!!!!!!ãØ®
ham,just came to check the view countãØ®
spam,Check out my Music Videos! Fuego - U LA LA Remix  hyperurl.co/k6a5xtãØ®
spam,Check out my Music Videos! and PLEASE SUBSCRIBE!!!! Fuego - U LA LA Remix  hyperurl.co/k6a5xtãØ®
spam,www.marketglory.com/strategygame/lordviperasãØ®
ham,"If the shitty Chinese Government didn't block YouTube over there, there'd  be close to 3 billion views right now. ãØ®"
ham,WORLD RECORD YOUTUBE VIDEO VIEWS !!!!!! XDãØ®
ham,I think he was drunk during this :) x)ãØ®
spam,Limit sun exposure while driving. Eliminate the hassle of having to swing  the car visor between the windshield and window.  https://www.kickstarter.com/projects/733634264/visortwinãØ®
ham,"Hahah, juyk! I allways laugh at the part 1:57.. LOL!ãØ®"
spam,http://hackfbaccountlive.com/?ref=5242575ãØ®
ham,"I wanted to know the name of the guy that dances at 00:58, anybody knows ?ãØ®"
spam,https://www.facebook.com/FUDAIRYQUEEN?pnref=storyãØ®
ham,"Haha its so funny to see the salt of westerners that top views of youtube  goes to video they dont even understand, keep the salt up!ãØ®"
spam,FOLLOW MY COMPANY ON TWITTER  thanks.  https://twitter.com/TheWaxedHatCoãØ®
ham,imagine if this guy put adsense on with all these views... u could pay ur  morgageãØ®
spam,Hey come check us out were new on youtube let us know what you think and  don't forget to subscribe thanks.ãØ®
ham,"The girl in the train who was dancing, her outfit was so fucking sexy, but  the huge turn-off was she lacked eyebrows D:ãØ®"
spam,"Look at the pictures, if not difficult http://image2you.ru/48051/1340524/        http://image2you.ru/48051/1340523/          http://image2you.ru/48051/1340522/ http://image2you.ru/48051/1340521/             http://image2you.ru/48051/1340520/       http://image2you.ru/48051/1340519/  http://image2you.ru/48051/1340518/            http://image2you.ru/48051/1340517/          http://image2you.ru/48051/1340504/ http://image2you.ru/48051/1340503/              http://image2you.ru/48051/1340502/            http://image2you.ru/48051/1340500/ http://image2you.ru/48051/1340499/        http://image2you.ru/48051/1340494/             http://image2you.ru/48051/1340493/ http://image2you.ru/48051/1340492/        http://image2you.ru/48051/1340491/           http://image2you.ru/48051/1340490/ http://image2you.ru/48051/1340489/             http://image2you.ru/48051/1340488/ãØ®"
ham,"Don't mind me, I'm just checking what the views are up to : )ãØ®"
spam,"Hey guys can you check my YouTube channel I know you hate comments like  this one but I promise if you check my videos it will be entertaining I do  Shotgun Montages,Ninja Defuse Montages and Trolling please guys can you  check them out and thanks have a good day!!!!!!!ãØ®"
ham,"To everyone joking about how he hacked to get 2 billion views because  there's a certain amount of people or whatever,  He actually did buy views.ãØ®"
spam,https://www.facebook.com/tofikmiedzynB/photos/a.1496273723978022.1073741828.1496241863981208/1498561870415874/?type=1&amp;theater ãØ®
spam,https://www.facebook.com/eeccon/posts/733949243353321?comment_id=734237113324534&amp;offset=0&amp;total_comments=74   please like frigea marius gabriel comment :DãØ®
spam,"http://www.bing.com/explore/rewards?PUBL=REFERAFRIEND&amp;CREA=RAW&amp;rrid=_0f9fa8aa-243a-5c2f-c349-ede05ea397ca Bing rewards, earn free money. AND NO U CANT GET UR VIRUS IN BLUE!ãØ®"
spam,Please do buy these new Christmas shirts! You can buy at any time before  December 4th and they are sold worldwide! Don't miss out:  http://teespring.com/treechristmasãØ®
spam,Free my apps get 1m crdits ! Just click on the link and download a app and  done!! ?˙ Link: https://m.freemyapps.com/share/url/5af506e1ãØ®
ham,Why does a song like this have more views than Michael Jackson SMHãØ®
ham," Something to dance to, even if your sad JUST dance!!   PSY - GANGNAM STYLE (à¯?â??ç??°ü?çù¨) M/V: http://youtu.be/9bZkp7q19f0ãØ®"
ham,everyones back lool this is almost 3 years old and people are still hear!  xDãØ®
ham,How can this have 2 billion views when there's only me on the planet? LOLãØ®
ham,I don't now why I'm watching this in 2014ãØ®
spam,subscribe to me for call of duty vids and give aways Goal-100 subsãØ®
spam,hi guys please my android photo editor download. thanks https://play.google.com/store/apps/details?id=com.butalabs.photo.editorãØ®
ham,"The first billion viewed this because they thought it was really cool, the  other billion and a half came to see how stupid the first billion were...ãØ®"
spam,i love this so much. AND also I Generate Free Leads on Auto Pilot &amp; You Can  Too! http://www.MyLeaderGate.com/moretrafficãØ®
spam,http://www.billboard.com/articles/columns/pop-shop/6174122/fan-army-face-off-round-3 Vote for SONES please....we're against vips....please help us.. &gt;.&lt;ãØ®
spam,"Hey guys! Please join me in my fight to help abused/mistreated animals! All  fund will go to helping pay for vet bills/and or helping them find homes! I  will place an extra emphasis on helping disabled animals, ones otherwise  would just be put to sleep by other animal organizations. Donate please. http://www.gofundme.com/Angels-n-WingzãØ®"
spam,http://psnboss.com/?ref=2tGgp3pV6L this is the songãØ®
spam,Hey everyone. Watch this trailer!!!!!!!!  http://believemefilm.com?hlr=h2hQBUVBãØ®
spam,check out my rapping hope you guys like it  https://soundcloud.com/nereboy/call-of-the-lostproduce-by-atlastatlas-rapper-jkork  and follow and message me :)ãØ®
spam,"Subscribe pleaaaase to my instagram account , i'll subscribe back É?ù  http://instagram.com/cyrine_ghorbelãØ®"
spam,hey guys!! visit my channel pleaase (i'm searching a dream)ãØ®
spam,Nice! http://www.barnesandnoble.com/s/BDP?csrfToken=I9tIxe8cNkCosOqkEMGjLU5uwv6nSXSO&amp;sort=DD&amp;size=90&amp;csrftoken=89Iyec7nrWP5NYtnO5U7amhVmfLUtgGL&amp;dref=5094&amp;keyword=BDP&amp;store=EBOOK ãØ®
spam,http://www.twitch.tv/daconnormcãØ®
spam,Hey Guys this is Glamour Beauty! I just started my youtube channel please  go check it out! I'm going to post singing videos and also random videos  that I fell like! Please go to subscribe! More to come soon!. Remember to  subscribe!ãØ®
spam,Hey guys! My mom said if i got 100 subs before christmas I'll get a kitten  and I always have wanted an kitten so please watch my videos and if you  like it subscribe or like :) Please no mean commentsãØ®
spam,https://www.facebook.com/photo.php?fbid=543627485763966&amp;l=0d878a889cãØ®
spam,https://www.facebook.com/photo.php?v=4483179854075&amp;set=vb.1727483389&amp;type=2&amp;theater ãØ®
spam,https://soundcloud.com/artady please check my stuff; and make some feedbackãØ®
spam,Take a break from Katie and help me reach 100 subscribers this month!  New  music and free downloads! ãØ®
spam,Subscribe me pleaseãØ®
spam,Check out my covers I have a video coming out  please subscribeãØ®
spam,Subscribe to My CHANNELãØ®
spam,Hey guys. I am a very small YouTuber I upload videos nearly every single  day. I once hope to be like shikas so can you please give 2 mins of your  life to view this channel. and my new video is on how to watch all the  anime for free. and I am pretty sure you wont regret visiting this channel. Thank you!ãØ®
spam,http://www.rtbf.be/tv/emission/detail_the-voice-belgique/toutes-les-auditions/auditionDetail_?emissionId=3873&amp;id=342  Please join me to the voice Liked and shared it please to win more audition  score. Thanks so muchãØ®
spam,katy perry will u sit on my face please. it would be really awesome and  i'll give you 5 dollars. ok if you want to do this then please call me and  subscribe to my channel first ok thats good and then u sit on my face and  ill get an erection then you sit more k?ãØ®
spam,"iS IN TOP 10 , IN YOUTUBE TOP VIEWS , ON 9 IS MILEY CYRUS: http://www.google.ro/url?sa=t&amp;rct=j&amp;q=&amp;esrc=s&amp;source=web&amp;cd=1&amp;ved=0CB8QFjAA&amp;url=http%3A%2F%2Fen.wikipedia.org%2Fwiki%2FList_of_most_viewed_YouTube_videos&amp;ei=OQ3yU9DWC8L4yQOYo4GoAw&amp;usg=AFQjCNGKM-Idplal6kuVKoEkVgdTT2jVLQ&amp;sig2=OnqZzad3q3CmNBe9nml4gA&amp;bvm=bv.73231344,d.bGQ&amp;cad=rja ãØ®"
spam,http://www.amazon.com/Knight-Dawn-cursed-Daniel-N-ebook/dp/B00MPPQHRI/ref=sr_1_7?s=digital-text&amp;%3Bie=UTF8&amp;%3Bqid=1408122684&amp;%3Bsr=1-7&amp;%3Bkeywords=knight&amp;tag=wattpad-20     some people are very talented but some are more talented but there is no  sponsorãØ®
spam,I really love this video.. http://www.bubblews.com/account/389088-sheilcenãØ®
spam,Hi Guys! check this awesome EDM &amp; House mix :) thanks a lot..  https://soundcloud.com/soundhase/edm-house-mix-2ãØ®
spam,Hiya???? I just started YouTube and it would mean a lot if some of you could  subscribe and watch my first video?xxãØ®
spam,Watch Maroon 5's latest 2nd single from V (It Was Always You) www.youtube. com/watch?v=TQ046FuAu00ãØ®
spam,Help Please!!  http://www.gofundme.com/RJanimalcareãØ®
spam,http://www.mediafire.com/download/yvovhafsv5qzzqo/Video.rar    download and  make money today ãØ®
spam,http://www.ebay.com/itm/131275322914?ssPageName=STRK:MESELX:IT&amp;_trksid=p3984.m1555.l2649 ãØ®
spam,"&lt;script&gt;document.write('&lt;a target=""_self"" href="" http://rover.ebay.com/rover/1/710-53481-19255-0/1?icep_ff3=1&amp;pub=5575096797&amp;toolid=10001&amp;campid=5337555197&amp;customid=bogdan+grigore&amp;ipn=psmain&amp;icep_vectorid=229508&amp;kwid=902099&amp;mtid=824&amp;kw=lg""&gt;check  this out new arive on ebay&lt;/a&gt;&lt;img  style=""text-decoration:none;border:0;padding:0;margin:0;"" src="" http://rover.ebay.com/roverimp/1/710-53481-19255-0/1?ff3=1&amp;pub=5575096797&amp;toolid=10001&amp;campid=5337555197&amp;customid=bogdan+grigore&amp;mpt='+Math.floor(Math.random()*999999999)+'""&gt;');&lt;/script&gt;&lt;noscript&gt;&lt;a  target=""_self"" href="" http://rover.ebay.com/rover/1/710-53481-19255-0/1?icep_ff3=1&amp;pub=5575096797&amp;toolid=10001&amp;campid=5337555197&amp;customid=bogdan+grigore&amp;ipn=psmain&amp;icep_vectorid=229508&amp;kwid=902099&amp;mtid=824&amp;kw=lg""&gt;check  this out new arive on ebay&lt;/a&gt;&lt;img  style=""text-decoration:none;border:0;padding:0;margin:0;"" src="" http://rover.ebay.com/roverimp/1/710-53481-19255-0/1?ff3=1&amp;pub=5575096797&amp;toolid=10001&amp;campid=5337555197&amp;customid=bogdan+grigore&amp;mpt=[CACHEBUSTER] ""&gt;&lt;/noscript&gt;ãØ®"
spam,I #votekatyperry for the 2014 MTV #VMA Best Lyric Video! See who's in the  lead and vote:  http://on.mtv.com/Ut15kXãØ®
spam,https://www.facebook.com/pages/%D8%AA%D8%AD%D9%85%D9%8A%D9%84-%D8%A7%D8%AC%D9%85%D9%84-%D8%A7%D9%84%D8%A7%D9%85%D9%88%D8%B3%D9%8A%D9%82%D9%89___-music/674732645945877 ãØ®
spam,"Hello! I'm Marian, I'm a singer from Venezuela! I was part of a boy-girl band named cubik, and I'm now singing on my own  'cause I wanted to play my own pop and pop-rock songs.  It would mean a lot if you could have a look at my channel to check my  music and watch my new video!! and if u like, subscribe to it! XOXO THANKS!!  PS: if you like a lot my channel, you can share it with your friends!!  Haha!! LOL MARIANãØ®"
ham,"katy perry does remind me of a tiger,like as if its her spirit animal :3 &lt;3ãØ®"
ham,In what South American jungle or any jungle for that matter do you find an  African elephant and a bengal tiger in the same place. Who made this video.ãØ®
spam,http://9gag.com/gag/aAVpwj9/ =)ãØ®
spam,ima rapper trying to get notice please check out my mixtape   datpiff.com/mixtapes-detail.php?id=633807ãØ®
ham,"Its a good song and i like her video clip, because its a bout a girl that  her airplane crashed on a land far far away... and she found the way to  survive! And i love the pet tiget too( Kitty Purpy) lol :DãØ®"
spam,"help me click on the subscribe Mai Nguyen, thank youãØ®"
spam,even without make up she is still  hot     http://uk.eonline.com/eol_images/Entire_Site/2012430/reg_1024.katy.mkup.mh.053012.jpg ãØ®
ham,Thanks to this video we know that Nokia phones can survive a plane crash.ãØ®
spam,http://www.bubblews.com/news/6401116-vps-solutionsãØ®
spam,The TREU DETECTIVE alternate ending! __ http://www.funnyordie.com/videos/d15fb87973/true-defectivesãØ®
spam,The new Makeup Transformation with Integrated Look-A-Like Feature now  available in Ver 1.13! Do you know who you look like? Install or update  your version of Makeup Transformation  https://play.google.com/store/apps/details?id=com.yourelink.makeuptransformation  or visit Google Play.ãØ®
ham,"She named the tiger Kitty Purry  No, seriously, she did, check the video ãØ®"
ham,Perfect! &lt;3ãØ®
ham,"And after the video ends, a 13 ft. boa constrictor squeezes her to death.ãØ®"
ham,"should not have paused the music, this is a clip, not a movie.ãØ®"
spam,"  HI!:D!:) WeÉ?? re TWIN MELODY ,17 year old twins :) WE DID SOME COVERS!!WE DID A COVER OF BIRTHDAY BY KATY PERRY!!  PLEASE JUST TAKE 1 SECOND AND WATCH IT!! THANKS,MERCI,GRACIAS,DANKE,OBRIGADO,GRAZIE É??.    !!!  &lt;3  XX HAVE A NICE DAY!!:DãØ®"
spam,Nicee!!sabrosura viva https://soundcloud.com/yerki-elinmigrante/yerki-myb-move-your-bodyãØ®
spam,"Hey guys go to check my video name ""growtopia my story""ãØ®"
spam,http://shhort.com/a?r=HuPwEH5abãØ®
spam,YAY IM THE 11TH COMMENTER!!!!!                                    IF YOUR  CRAZY PLEASE DONATE BITCOINS TO ME AT: 1FHeNqx1twqM153v2PTAyieJNEALAhZvEMãØ®
spam,http://shhort.com/a?r=G8iX5cTKdãØ®
ham,"I love this song, it??s for empowering every woman :)  ""you??re gonna hear me roar"" ;)ãØ®"
ham,This song makes me want to drink bleachãØ®
ham,If she really did this there she's hardcoreãØ®
spam,http://shhort.com/a?r=Jt2ufxHxcãØ®
spam,Follow me watch my videos :) Follow me watch my videos :) Follow me watch  my videos :) Follow me watch my videos :) Follow me watch my videos :)  Follow me watch my videos :) Follow me watch my videos :)ãØ®
ham,"I'm sorry Katy Perry, I was being weird. I still love you &lt;3ãØ®"
ham,I'm not a big fan of the song but this video is awesome!ãØ®
ham,katy perry  just stop it and dont do a song i dont like itãØ®
spam, GO TO MY CHANNEL and check out my written songsãØ®
spam,"Like Gorlin-Goltz Syndrome Support Community, you are not alone. https://www.facebook.com/GorlinGoltzSupportãØ®"
spam,Subscribe and u are gonna hear me roar ;)ãØ®
ham,In my opinion I think you look better with black hair then blond hair : )ãØ®
ham,"I loved, she is amazing.. OMG your eyes*_*ãØ®"
spam,"Please help me give my son a grave.  http://www.gofundme.com/BishopsGraveMarker Or please just share it on your  fb page, I do not have one anymore.ãØ®"
ham,You gonna hear me ROARRRR.....ãØ®
spam,follow me---&gt; https://twitter.com/f0llowshoutouts ãØ®
ham,I WILL FINISH THIS DISSERTATION! And I will laugh in its face when I  finish! Roaaarrr =3ãØ®
ham,She's an old Whore!ãØ®
spam,Please share and help to my Friend! http://www.gofundme.com/jormis  Thank  you very much!ãØ®
ham,ROAAAAARRRRRR ??ê???ê???ê?ãØ®
ham,This looks so fun and it's a good songãØ®
spam,"Check out our vids, our songs are awesome! And that I guarantee :)ãØ®"
ham,I love You Katy É?ùãØ®
ham,I    loved        it           so       much          because         you          get         to         stand            fear .ãØ®
spam,Click For iTunes code http://shhort.com/a?r=0LaviqU2bãØ®
spam,Katy perry is and inspirational singer her voice is awesome and I loved her  so much . She achieved music history and I couldn't believe that . Guys if  you could take 1min to go to my channel and watch my first video I would be  greatly thankful for this :) ty guys N katy is still awesome xoxoãØ®
spam,Hi guys i sell Jack Daniel's Hard Back Cover Case for iPhone 5 5S 5C 4S 4   6'' Old Time with only 3 Dollars on Ebay:  http://www.ebay.com/itm/251638183951?ssPageName=STRK:MESELX:IT&amp;_trksid=p3984.m1555.l2649 ãØ®
spam,https://m.facebook.com/story.php?story_fbid=764484966942313&amp;id=754989901225153&amp;ref=stream  gfãØ®
spam,subscribe to meãØ®
ham,3:46 so cute!ãØ®
ham,"i think they were drunk when they shot the first half of the video and then the sec on half comes in, and her boobs are magically bigger and  she's more beautiful suddenly, and the dude practically vanishes ãØ®"
ham,Roar is without a doubt your best song...feel good song with a message for  everyone. Good job KatyãØ®
ham,The great mother of the jungle. Sweet and natural. I like her videos.ãØ®
spam,http://www.aaas.org/tech-i/vote#view/25874/2177367 VOTE SHELDON PLEASE  GUYS. GIVE IT 5 STARS. THANKS IN ADVANCEãØ®
ham,Katy has conqueror's haki &gt;:)ãØ®
spam,Can you check my videos please? Don't hate me :( Give me one oportunityãØ®
spam,WOW VERY NICE CONGRASULATION I LIVE SO MUCH http://en.prothom-alo.com/sport/news/53331/Zimbabwe-A-team-due-in-Dhaka-Wednesday ãØ®
ham,There is 7 bilion poeple on earth Now stop being dumbãØ®
ham,I love this shit but I disliked it because it's sucksãØ®
spam,"hey guys i really want to go to a katy perry concert so im in this contest  where i need a lot of likes and im loosing :( so please if you could like  this picture it would be very nice, thank you i really want to go to her  concert :) https://www.facebook.com/exagdl/photos/a.936868579660284.1073741943.111719098841907/937732262907249/?type=1&amp;theater ãØ®"
ham,"this video is very inaccurate, a tiger would rip her face ofãØ®"
spam,Great video by a great artist in Katy Perry! Admire her creativity! Check  out our channel for no nonsense mobile tech reviews and comparisons as well  as an iPhone 6 and 6 Plus review and comparison!ãØ®
ham,Are those real animalsãØ®
spam,"Hey guys!  Can you please SUBSCRIBE to my channel,because I'm gonna filming a video so  hope you guys like it and thank you so much for you're support! Xoxo,Leah!  &lt;3 ãØ®"
ham,Maybe the best music video in the last 15 years? This is how pop music is  done folks!ãØ®
ham,I love KATY PERRY &lt;3 &lt;3ãØ®
ham,BoooobsãØ®
ham,"I really don't understand how this has 600 million views lol. I'm not  hating or anything, it's just confusing. ãØ®"
ham,Its almost Katys birthday! October 25th Lets say happy birthday to katy!!! É?ùÉ?ùÉ?ùÉ?ùÉ?ùÉ?ùãØ®
ham,Katy Perry You Are Looking Soo PRETTY DAMN CUTE :-* :-*ãØ®
ham,great song you go katy!ãØ®
ham,looooooooooooooooooooovvvvvvvvveeeeeeeeeeee itttttttttttttãØ®
ham,My telephone!ãØ®
ham,This comment will randomly get lot's of likes and replies for no reason. I  also like Jello. Strawberry jello.ãØ®
spam,"Hey guys! I've made a amazing Smiley T-Shirt.Of all the things you wear,  your expression is the most important and remember all the statistics in  the world canÉ??t measure the warmth of a smile. If you're a big fan of  T-Shirts and want to gets more happiness, it's perfect for you.  Check this  out and buy it at www.teespring.com/smiley12 =)) thanks you guys so  much!!! ãØ®"
ham,"really want this video to get 1 billion views, would be amazing!ãØ®"
spam,Katy has the voice of gold. this video really brings the lyrics to life. I  am a rapper with 25000 subscribers.. thumbs up if you hate when you take a  shit and the water splashes your nutsãØ®
ham,"I started hating Katy Perry after finding out that she stole all of the  ideas on her videos  from an old comic book. Yet, her music is catchy. ãØ®"
ham,How can this song have 629 million views while there are only 7 million  people in the world?ãØ®
ham,Katy Perry is garbage. Rihanna is the best singer in the world. ãØ®
spam,https://www.reverbnation.com/slicknick313/songsãØ®
ham,"Katy Perry is part of me Katy Perry is my firework Katy Perry, I love youãØ®"
ham,This Song Was Good Until It Got Overplayed The Hell Out Of On RadioãØ®
ham,"see it all, human folly right?ãØ®"
ham,Great.This is a songãØ®
ham,Awesum song!! Jus luv it!ãØ®
spam,Watch my videos xxãØ®
spam,Please check out my acoustic cover channel :) thanks ãØ®
ham,Imagine this in the news crazy woman found acting like a tiger and bit jims  ear offãØ®
ham,selfie alertãØ®
ham,Your going to hear me Roar !!!! :-))))   #soundsofsunday ãØ®
ham,It is a shitãØ®
spam,She loves Vena. trojmiasto.pl/Vena-Bus-Taxi-o59253.htmlãØ®
spam,"THIS IS A COMPETITION TO MEET MY IDOLS, IT WOULD MEAN SO MUCH IF YOU GUYS  WILL LIKE THIS PIC ON IG! http://instagram.com/p/smZdivopxb/ãØ®"
spam,Katty perry please say in one of your new videoes that they follow the  Girls Girls pleaseãØ®
ham,i am a big fan of you and i love youãØ®
spam,https://viralangels.com/user/d4aaacwkãØ®
ham,I &lt;3 Katy Perry!ãØ®
ham,"Since she is a feminist champion, why would she want to reinforce the  stereotype of girls being girly by painting the nails of an elephant that  probably wouldn't even appreciate it?ãØ®"
spam,http://thepiratebay.se/torrent/10626835/The.Expendables.3.2014.DVDSCR.Xvid-DiNGO ãØ®
spam,http://thepiratebay.se/torrent/10626048/The.Expendables.3.2014.DVDScr.LEAKED.CLEAN.XviD.MP3-RARBG ãØ®
spam,If interested in making extra money by internet use the next link www.swagbucks.com/refer/Nonturtle02ãØ®
ham,"This is fucking shit. From the first notes, that becomes clear. Complete  and utter shit. May God come and cleanse the earth of the complete and  utter idiocy which is humankind.ãØ®"
spam,Hey guys plz check out my youtube channel to c funny 2 girls 1 cup reaction  thanks and plz subscribe! ThanksãØ®
spam,Please subscribe every sub gets a shout out tell me what type of videos u  want and I will try make it happenãØ®
spam,Hey guys subscribe to my channel for no reason! Please!..ãØ®
spam,Katycat! https://m.facebook.com/profile.php?id=1461302180794905ãØ®
ham,At least she didn't get rid of her completely useless makeup.ãØ®
ham,I love roar and Katy Perry. She is my favorite singer and sometimes I just  mute the volume and look at her!ãØ®
ham,This is the best of the best video in world!!!!!!!!!!!!!!!!!!!!!!!!!!!!!ãØ®
ham,"She's got it all. Incredible voice, extremely hot, nice titsãØ®"
spam,--&gt;ATTENTION KATYCATS! Katy leads with 7 noms at this year MTV EMA! do vote daily for her: tv.  mtvema. com/vote (delete spaces) thumbs up and share on fbãØ®
ham,I really like this song.ãØ®
ham,my son love so muchãØ®
ham,Y LOVE YOUãØ®
spam,follow me on instagram bigboss286ãØ®
ham,why the elephant have a broken hornãØ®
spam,Free itunes $25 giftcard codes: http://shhort.com/a?r=OOCnjqU2bãØ®
ham,Where did she find all that make up in a freakin jungle?!ãØ®
ham,so cute that monkey *-*! ãØ®
ham,Nice songãØ®
spam,subscribe please ãØ®
ham,"You are all sheep, period. This is terrible music.ãØ®"
spam,"A  friend of mine has invented a big dick formula. He had a small dick (4  inches) and he did some research about this topic. During the research, he  found out the secret knowledge of penis enlargement. He applied what he  had learned and now he has a 7 inch dick. He was absolutely amazed by his  results. Of course, it took a few months. Therefore, he has written a book  about this issue in order to help guys. He asked me to promote his book :)  So, guys if you are interested and for more info check this out  https://payhip.com/b/oTIb  . He is selling it for symbolic ?ú1. Thank you ;)ãØ®"
ham,In the beginning she was scared off everything and next thing you know she  is out in a leopard bikini!ãØ®
spam,Please look at my channelãØ®
spam,My three bigger secrets are: I don't think I'm good enough for me skinny  size. I'm bisexual and I sweat really freaking bad when I'm nervous. -  check out Secret by Austin Mahone's NEW Single!ãØ®
spam,https://www.facebook.com/pages/Nailey-nicool/629410220489046?ref=hl like  meeãØ®
spam,katy is beautiful. and this song is catchy. I'm a rapper with 25000  subscribers.. thumbs up if you hate when you take a shit and the water  splashes your ballsãØ®
ham,I love her green eyesãØ®
ham,How old is Katy perry?ãØ®
ham,most popular video on youtube  ãØ®
ham,NOKIA spottedãØ®
ham,"I hear this all the time on radio and its really irritating. That being  said, i like the videoãØ®"
spam,Hi everyone! My dream is to have passionate sex with Katy Perry. Some people do not believe in meÉ??but maybe you will. Sex is a giant part of my life and it pushes me to be a better person! Please give me a chance by giving me a thumbs up! If you love my ambition please SUBSCRIBE!ãØ®
ham,Fantastic!!!ãØ®
spam,j aiiima plzzz  https://www.facebook.com/pages/%C3%89c%C3%B8l%CE%B5-al-ma%CE%B7b%CE%B5t/302703146601369 ãØ®
spam,https://vimeo.com/107297364ãØ®
ham,She's awesome XDãØ®
ham,Katy perry songs aren't that bad ãØ®
spam,hi beaties! i made a new channel please go check it out and subscribe and  enjoy!ãØ®
spam,https://www.facebook.com/pages/Hiphop-Express/704682339621282                 like this page yoãØ®
spam,Our Beautiful Bella has been diagnosed with Wobbler's Syndrome. There is no  way we could afford to do her MRI or surgery. She is not just a dog she is  a very special member of our family. Without the surgery we fear we will  lose her. Please help!  http://www.gofundme.com/f7ekgwãØ®
spam,https://www.facebook.com/pages/Komedi-burda-gel/775510675841486ãØ®
spam,https://www.facebook.com/profile.php?id=100007085325116ãØ®
ham,That's Good :)ãØ®
spam,http://www.googleadservices.com/pagead/aclk?sa=L&amp;ai=CSyOEB1wxVPCfL7D27AbGpYDgBJDPm6IH6MHu05wBgJXbv8sBEAEgkN7lJVCF7byH_f____8BYIOFgICAHKABsKG31wPIAQKpAh_KmC0hBpM-qAMByAPBBKoEkwFP0KullxqI1MG6o43HVzE-eFMqRG4Tu5LLBU_fsZ8gn0HBkJhBX-m83W1TS3_3Dx_HwPdX1Kazsj8o7SIEcVJjmBNsWyiJEcqvHXLbdzStUBOFaloYInWm0_rOOCppS2AuAT6zguICKm0lI83duwMAbzqvenE8TRfAzOrltBb037VzYv_XI4hBNQ2nvh19MrBgE0SIBgGgBgKAB7jeyCg&amp;num=1&amp;cid=5Ggs_m_9mA3TI40fS6mVPICS&amp;sig=AOD64_1OFC7Seh_1pOp-jYrbS7X6-heeNQ&amp;client=ca-pub-8252267209931889&amp;adurl=http://blog.2parale.ro/2014/10/challenge-pentru-afiliati-aplica-la-noile-programe-de-afiliere-si-fii-business-boomerul-lunii/&amp;nm=2&amp;mb=2&amp;bg=!A0QoUc7Q48v3_QIAAABpUgAAACsqAR0_VgOQWQxjmPUyvKoSf3K-q1BvKf9ZE4jhNC3ovckKxCbAFzZpAJiBXWBvVq4jrDgZ8q3rInlwgaBy_bXlfw7ma6dk0RJG14ZkRyizwqdi7HxgGE9tNDD9abflTFkBMbFfcJixNtHwbwkJ6N2onLH2D9EvEagPhoEwXOgBnu5ibgtRkgnAcQ1OIbgMzgAFNSc0lsaRiqj8HQR8T12dWv_7biY4k6I3y4yubloTdE_4XVKlnVeADZzF1L_xRYQkE6Wsur3EdLJWGk8fLq_QALdI-wAzNuysgqjNRDY6VucKLplZONyiSdKc9ebX-0dbHjZdW0LbsJBi40gXm0D0p5KRhv8XInQlI53__wQBaHS8zX4MJHw5vWrkPXFOeKs ãØ®
ham,Awesome video this is one of my favorite  songs????????????????????????????Éù?ã?èÉù?ã?èÉù?ã?èÉù?ã?èÉù?ã?èÉù?ã?èÉù?ã?èÉù?ã?è????????????????????????????????????????????????????ãØ®
ham,If only I had the body like Katy Perry :)). She looks so hot. I love her  ^^!ãØ®
spam,DOWNLOAD RAPID FACEBOOK FOR FREE NOW https://play.google.com/store/apps/details?id=com.rapid.facebook.magicdroidãØ®
ham,"The song is very good ...but the video makes no sense...just a nonsense  video...I mean she is telling her story of being stuck on an island, but  the song doesn't fit in the situation...but nvm...The song is goodãØ®"
ham,Who else would give Katy perry a good old mighty roar? ;)ãØ®
ham,OMG I LOVE YOU KATY PARRY YOUR SONGS ROCK!!!!!!!!!!!!!!!!! THATS A TOTAL  SUBSCRIBEãØ®
spam,https://www.paidverts.com/ref/tomuciux99 esyest money ever. join to our  team!!!!ãØ®
ham,Katy Perry - Roar (Official): http://youtu.be/CevxZvSJLk8ãØ®
spam,FREe ITunes Gift card http://shhort.com/a?r=x6J4gBrneãØ®
spam,"i was playing this song and the baby in my belly started to dance to  it.....sooooo cute, but had to take the song out cause of copy right and  add in a youtube made song....still sooo cute the baby danced to this song  LMFAO!!! https://plus.google.com/111982027348137311818/posts/g2JVinPueMoãØ®"
ham,katy perry is awesomeãØ®
spam,this song is so addicting. the hook is dope and catchy. love the video too.  I'm getting popular fast because i rap real.. thumbs up if you piss next to  the water in the toilet so its quiet................................ãØ®
spam,Nice song .See my new track.ãØ®
ham,I love this sooooooooooooong I love katy perryãØ®
ham,What does that tattoo on her right tricep say?ãØ®
ham,Since when has Katy Perry had her own YouTube channel?ãØ®
ham,"Every time I watch this mv I just so so so glad that I live in a world that  don't have to worry about running from a real, human eating tiger.ãØ®"
spam,i rekt ur mum last nite. cuz da haterz were 2 much 4 meh lik dis if u cri evertim and sponswer mi robox vidz https://www.indiegogo.com/projects/gimme-dem-moneyz-4-roblox/x/8851222#homeãØ®
ham,"""eye of the tiger"" ""i am the champion"" seems like katy perry is using  titles of old rock songs for lyrics..ãØ®"
ham,She is a perfect wonder.....ãØ®
spam,https://www.indiegogo.com/projects/help-stop-my-poverty-cyber-pan-handleing/x/8692160#home ãØ®
ham,she is horrible at acting. cringe-worhty.ãØ®
spam,"I love katy fashions tiger, care to visit my blog sinar jahitan  I also have the tiger collections tqvmãØ®"
spam,"Anyone Who LOVEs music , please go check out my youtube page and tell me  what you think . I just put a video up and will be doing more song. I'm  just trying to get myself started. Any love is much Appreciated ãØ®"
ham,Is that tiger called 'Katty Purry'?ãØ®
ham,"blue eyes, can't be trusted.  uranus bless america.ãØ®"
spam,"Rap from Belarus, check my channel:)ãØ®"
spam,follow me on twitter: freyacumqueenãØ®
ham,Katy Perry - Roar (Official): http://youtu.be/CevxZvSJLk8ãØ®
ham,"C'mon Katy you are so close to 14,000,000 subscribers...come up with  another hit like this and it will happenãØ®"
spam,VOTE FOR KATY FOR THE EMAs! #KATYCATS  http://tv.mtvema.com/artists/katy-perry/i38xh1ãØ®
ham,"My honest opinion. It's a very mediocre song. Nothing unique or special  about her music, lyrics or voice. Nothing memorable like Billie Jean or  Beat It. Before her millions of fans reply with hate comments, i know this  is a democracy and people are free to see what they want. But then don't I  have the right to express my opinion? Please don't reply with dumb comments  lie ""if you don't like it don't watch it"". I just came here to see what's  the buzz about(661 million views??) and didn't like what i saw. OK?ãØ®"
spam,Visit my channelãØ®
ham,Wow she is sexy XDãØ®
spam,If you looking for new music to listen to check out cece song called  dead2me on iTunes music video out now right here on youtube.ãØ®
ham,Katy has a voice of an AngelãØ®
spam,"Hey guys, I was working last night on this project, it's a music streamer  like spotify, but it allows you to download the files to listen to when  you're offline. Opening it as a free beta, feel free to try it out :) download: https://mega.co.nz/#!ehVjzKyA!5bGKg2iWPHZOHWAEUesrWnegqG_lABcO7Rw9WFX8hAoãØ®"
spam,"Man she is hot in this one, male companions visit my profile to check out  the coolest sextoy ever made!ãØ®"
spam,Like my page please...  https://m.facebook.com/Dreaddis?ref=m_notif?™if_t=fbpage_fan_invite&amp;actorid=1442646731  ãØ®
ham,This video is so racist!!! There are only animals.ãØ®
ham,Man she is BEAUTIFUL!ãØ®
spam,want to win borderlands the pre-sequel? check my channel :)ãØ®
spam,Hi! I would appreciate it if you all could help to like this poster on  Facebook:  https://www.facebook.com/nyghdramafest2014/photos/a.333608120156973.1073741830.327568907427561/333607726823679/?type=3&amp;theater ãØ®
spam,Plz help me getting 1.000 Subscribers tonight/today.  Thanks to all who sub me :)ãØ®
ham,Yesterday this video have 1 million likes and now it has 2 millionãØ®
ham,why tiger succumbs to a beautiful girl ?.probably male tiger.....????   ha.ha.ha..ãØ®
ham,Best song ever ãØ®
spam,Thank you KatyPerryVevo for your instagram likes @axeljonssonsãØ®
spam,Please Subscribe In My Channel É??ãØ®
ham,"She is good. Does she make any more music? If she doesn't, she should!ãØ®"
ham,I LOVE YOU KATTY PERRY &lt;3 ãØ®
ham,"HONESTLY, I WANNA SEE YOU BE BRAVE! oh wait...ãØ®"
ham,;-)ãØ®
ham,this video is great .....!!! I love this........and like much katy perryãØ®
ham,"Good thing she brought her spray-on tan, hairstylist, makeup artist, and  cameraman.ãØ®"
ham,"666,002,018 views! 666 million. 666! Katy Perry illuminati confirmed!!!ãØ®"
spam,"I make guitar covers, please have a look at my channelãØ®"
ham,It should be illegal to be this goodlooking as this babe is...ãØ®
ham,katy is mine the girl of my dreams É?ùãØ®
ham,I love this songãØ®
ham,She is fitãØ®
ham,I love the song roar it make me think am fill the wayãØ®
ham,"How do you forget you have a choice, and what the fuck, surviving a plane  crash has a 1/1000 chance of happening.ãØ®"
ham,"she is a fool. this is a foolish video. the lyrics are all about her and  how great she is. she is arrogant, obviously. but the thing is that there  are a lot of idiots.. look how many hits this garnered. the young stupid  girls who listen to her are numbering in the millions i guess. this video  is a piece of trash. why would anyone ever like it or listen to it? because  these stupid little girls have idiots for fathers and mothers.. and so they  are going to turn into idiots also.. just like this stupid singer. ãØ®"
spam,":: ATTENTION : WE NEED 10 Million Views More for FIREWORK to Reach 500M .. We have only 1 and half day left for katy's birtgday. Listen How it could be possible?? &gt;&gt;JUST Open different Tabs from Different Browser &gt;&gt;Dont Watch Full Video, Remember We dont have time on hand, Its Time Wasting. View it only for 30 sec. Plz thumbs up and shareãØ®"
spam,(( rapid facebook )) the free version of all colors and is characterized by  fast and beauty download now https://play.google.com/store/apps/details?id=com.rapid.facebook.magicdroidãØ®
spam,Hey Katycats! We are releasing a movie at midnight UK time to celebrate  katy's 30th birthday! Be sure to subscribe to our channel and watch the  movie!ãØ®
ham,"I just realized that this verses in this song have the exact same melody as  the verses in ""Hey Ho"" by the Lumineers.ãØ®"
ham,:-D É?¶É?¶É?¶ This is my favorite song É?ùãØ®
ham,this song never get's old &lt;3 ãØ®
spam,HAPPY BIRTHDAY KATY :) http://giphy.com/gifs/birthday-flowers-happy-gw3JY2uqiaXKaQXS/fullscreen  (That??s not me)ãØ®
spam,"Hey ! I know most people don't like these kind of comments &amp; see at spam,  but I see as free advertising . So please check out my cover of Sparks Fly  by Taylor Swift ! It is not the best ever I know, but maybe with some  encouraging words of wisdom from many of you I can become better! Please go  to my channel and check it out !ãØ®"
spam,Www.youniqueproducts.com/joannagordon Younique by Joanna Gordon www.youniqueproducts.comãØ®
ham,I like you . Katy Perry 600É?˝60É?˝6É?˝ãØ®
ham,Glad to know im not the only one who knows its katheryn's birthday today :)  happy birthday katy...and my sister. (they seriously have the same  birthday...)ãØ®
ham,Katy Perry can't sing for shit. All i hear it autotune.ãØ®
ham,I fucking hate her. Why? Because she don't write her songs she got  producers for that. Second why tha fack is she in every song almost nude  mayby because she's an attention hooker.ãØ®
spam,Also LuckyMusiqLive she probably could help u make it big because I think u  have talent. Just look her name up on the internet. Hit me up when u get  this messageãØ®
spam,Check out my drum cover of E.T. here! thanks -&gt;   /watch?v=NO9pOVZ9OIQ&amp;list=UUltuCDIHsDeI01by1OW7WuQãØ®
ham,Put famous people in the jungle for an hour and look what happens.ãØ®
ham,"She kinda let herself go, huh?ãØ®"
ham,we all love you Katy Perry &lt;3ãØ®
spam,Sign up for free on TSU and start making money on social media add/follow  me and ill add follow you!! http://tsu.co/Roberts9010ãØ®
ham,Love it when I can relate to my daughter's music. :-) Katy Perry - Roar  (Official): http://youtu.be/CevxZvSJLk8ãØ®
spam,Subscribe me and i subscribe you back!!ãØ®
ham,Katy Perry - Roar (Official)  #soundsofsunday   #music  ãØ®
ham,"When I hear Katy singing this, I cry. The song has got depth.ãØ®"
ham,Love itãØ®
ham,People who believe in Illuminati are stupid the same people believe that  911 was made by the American governmentãØ®
spam,plz subscribe to my channel i need subs and if you do i will sub back i  need helpãØ®
spam,please look up DHG SONGS this is my playlist with a bunch of amazing songs ãØ®
spam,Hey! I'm NERDY PEACH and I'm a new youtuber and it would mean THE ABSOLUTE  world to me if you could check 'em out! &lt;3  Hope you like them! =DãØ®
ham,00 : 39 Im pretty sure that tiger just wanted a hugãØ®
spam,http://vimeo.com/106865403ãØ®
spam,this song gives me strength! love her lyrics. this video really brings the  lyrics to life. I'm getting known fast because i rap with meaning.. thumbs  up if you piss next to the water in the toilet so its quiet...ãØ®
spam,http://minhateca.com.br/mauro-sp2013/Filmes+Series+Desenhos+Animes+Mp3+etcãØ®
spam,https://www.facebook.com/antrobofficialãØ®
ham,i love you katy perry because you will sing nice than shakiraãØ®
spam,http://hackfbaccountlive.com/?ref=4344749ãØ®
spam, Facebook account HACK!! http://hackfbaccountlive.com/?ref=4477063ãØ®
ham,I love katty perryãØ®
spam,The Perry you're doing a good job good job I love all of their videos and  by the way can you please describe to my channel please please please  please I'm trying to get as many comments to Skyburst lights is a cancer  and get famous pleaseãØ®
spam,I did a cover if u want to check it out THANK U.....Michael Age 8ãØ®
spam,EVERYBODY PLEASE VOTE KATY AT EMA 2014 !!!!!  Best song  Best female Best pop Best live Best look  Best video  PLEASE VOTE KATY !!!!! PLEASE PLEASE PLEASE !!!!! VOTE VOTE VOTE !!!!! KATY KATY KATY !!!!!ãØ®
ham,??h my god ... Roar is the most liked video at Vevo .. while 2 months ago  was Justin's Baby.. congrats Katy . Applause &lt;3 ãØ®
spam,https://soundcloud.com/j-supt-fils-du-son/fucking-hostileãØ®
spam,https://www.facebook.com/myfunnyriddlesãØ®
spam,Hi everyone! Do you like music? Then why not check out my music channel.  The LEXIS band will be uploading their own songs and covers soon so don't  miss out. Please SUBSCRIBE too as it does help us out a lot. Just takes one  click. -&gt;ãØ®
spam,https://www.facebook.com/photo.php?fbid=313454548839369&amp;set=a.207230212795137.1073741825.100005244783212&amp;type=1&amp;theater  1111111111111111111ãØ®
ham,I'd rather hear some propa explicit gangsta rap insted of this garbage.  This song is trash !ãØ®
ham,"DAMNNNNNNNN, she is sexy O_OãØ®"
spam,Such a good song ans Katy sounds great over the melody. Im growing as an  artist everyday from my hit song 'CRAZY' which has got my name out there.  cant thank my fans more for their support. If you could take a moment? to  check it and my music? maybe you'll join me to make my dream come true :)  thank you for your timeãØ®
ham,I LOVE YOU!!! Because u make me smile when im sad you cheer me up with your  beautiful songs (: &lt;3ãØ®
ham,"This song is the most boring, asinine song I have ever heard. Coming from a  guy who liked ""Teenage Dream"" (the song). Ever since Katy Perry's divorce  it's wave after wave of shitty but successful songs... For those of you  saying ""This is the next wave of pop music"". Stick it up your ass. Katy  Perry is like Silly Putty. ãØ®"
ham,Katy Perry - Roar (Official): http://youtu.be/CevxZvSJLk8. I love this song  and video Katy Perry Rocks Wahoo! ????????ãØ®
ham,And somehow she has access to makeup in the middle of the woods...ãØ®
ham,It looks so real and my daughter is a big fan and she likes a lot of your  songs.ãØ®
ham,"I can't comprehend why this video has nearly 700,000,000 views. Some people  found 'Gangnam Style' funny so that explains its high view count but this  is just an awful pop song. I really have no clue on this one.ãØ®"
ham,"Lets be honest, you wouldn't last 1 day on your own in the jungle. Stop  living n a fairy world.ãØ®"
spam,me segue ha  https://www.facebook.com/marcos.sousa4?fref=tsãØ®
ham,"Nature is beautiful, no need to place tits in video to impress people.ãØ®"
ham,This is so stupid. If you Roared at a Lion in real life you'd dedeãØ®
ham,This song is so AWESOME!!!She made everything stand out and all the viewers  could imagine themselves at the setting of the video. Awesome Job Katy  Perry!!!!ãØ®
ham,Katy Perry - Roar (Official): http://youtu.be/CevxZvSJLk8ãØ®
ham,Katy Perry is lionãØ®
spam,"People, here is a new network like FB...you register also free, the  difference is only that you get paid for sharing, commenting and liking  posts and so one...don't waste your time on fb for sharing and not being  paid!! Register here to make also money with your everyday posts!!  https://www.tsu.co/slema13 Wellcome to everyone! ;)ãØ®"
ham,"I've figured out why I dislike this song: it's supposed to be a power  ballad right? Something that's uplifting and motivating by the end.  However, the final chorus has NO extra UMPH at the end and actually sounds  just like the first one. Instead of crescendo-ing into a powerful finish,  ""Roar"" just says on the same wavelength. It falls flat.ãØ®"
ham,i like this song the video goes perfect with itãØ®
ham,"""....because I AM a champion...and you're gonna hear me roar!""   Today I AM my own champion  Today I AM a champion for the Creator  Today I AM doing positive in my world Today I AM blessing and healing all around me Today I AM successful and  creating success  ãØ®"
spam,"#nowplaying ""Weekendmix"" track 04 : Katy Perry - Roar (DJ Denis Shmelev &amp; DJ Alex Serov Remix) http://youtu.be/CevxZvSJLk8   Listen live at: www.smartfm.nl/livestream.htmlãØ®"
ham,Katy Perry's songs are the best of the songs of women artists.ãØ®
ham,i like this song because of all the animals and i like this song .ãØ®
spam,http://www.wattpad.com/story/26032883-she-can-love-you-goodãØ®
ham,I love this song so much!:-D I've heard it so much I pretty much memorized  the lyricsãØ®
spam,"Hey Guys, I know you tend to skip these comments, but Take a look first.  I am Free Fire, A Big Room, Progressive House, Deep House, Dubstep &amp;  Chillstep Producer from a small town in Missouri. Down here, I have no  support from the community, and all I really ask is some critiquing,  Support, and Views.   My Music has gotten much better then what it was 10 months ago, and I  promise my new content should be more then satisfying. Soon I should be  able to advertise and I wont pester you guys anymore.  So gimme a chance and check out my music, thanks and god bless.ãØ®"
spam,For latest movies 2014 please visit this site  http://www.networkedblogs.com/p/11cPWb?ref=panoramaãØ®
spam,I love that you subscribedãØ®
spam,https://www.tsu.co/ToMeks Go register ;) free money;)ãØ®
ham,"great song, but we all know that Katy buys her views..ãØ®"
spam,check out mah girl it duh shit yoãØ®
spam,Check out this video on YouTube:Facebook lhudygirlamaya ãØ®
spam,"Hey yall its the real Kevin Hart, shout out to my fans!!! follow me +RealKevinHeart ãØ®"
spam,Check out my acoustic channel ãØ®
spam,É?ÆI know someone will see this É?ù I have a dreamÉ?? I donÉ??t have the greatest videos or the best quality Right now I feel like i'm not getting anywhere and I need your help É?Æ If you could possibly watch my videos it means the world to me É?ù Please thumbs this up so others can seeÉ?? I appreciate it so much É?ùÉ?Æ Please listen before you hate. Honestly i  appreciate it so much  You donÉ??t have to love me just give this 17 year old a chanceãØ®
spam,"https://apps.facebook.com/my-polls/utsitcompetition2014?from=user_link&amp;ref_id=ouxg5e .  Please open this link and vote for  anand niketan international school, the  project name is project Fr-e-dom and share it with  yours friend.ãØ®"
ham,I hate videos like these with those poor animals.ãØ®
ham,Hii youtubeãØ®
ham,nice ..very niceãØ®
ham,I love this song!!!ãØ®
ham,*KATY YOU ARE A SHIT GO DIE!!!!!ROAR IS A FLOOOOOOOOOOOOOOOOOOOOP*ãØ®
ham, I love your music ãØ®
ham,My 6th grade teacher looked exactly like Katy Perry come to think of it...ãØ®
spam,curti? click here ?  https://www.facebook.com/demiilovatofas?ref=hl   https://www.facebook.com/pages/Frases-Secretas/448800865296855?ref=hlãØ®
spam,http://www.ermail.pl/dolacz/UnNfY2I=                  Please click on the  linkãØ®
spam,Come check out our parody of this!ãØ®
spam,Please subscribe to us and thank youãØ®
spam,PLEASE VOTE FOR ME FOR THE WET SEAL MODEL 2015 CONTEST! MY INSTAGRAM  USERNAME IS destinyforever_  http://www.wetseal.com/modelsearch15/modelsearch15.htmlãØ®
spam,"SIMPLY PUT, OUR CUSTOMERS LOVE US... and so will you!https://www.facebook.com/greenleaderãØ®"
spam,https://binbox.io/DNCkM#qT4Q1JB1ãØ®
ham,"Almost 1 Bil. What? Wow, GS sucks, in my opinion.ãØ®"
ham,Katty is the best! ! ! ! ãØ®
ham,That was very good I mean very very much good ãØ®
ham,This song means so much to me thank you  soooooooooooooooooooooooooooooooooooooooo much:-) XxxãØ®
ham,&lt;3ãØ®
spam,"KATY PERRY, I AM THE ""D??CIO CABELO"", ""DECIO HAIR"". I AM 60 YEARS OF AGE. I  DON""T HAVE FAMILY. I""M SINGLE. ALONE. HOMELESS. I WAS AN ALCOHOLIC: 15 AT  THE AGE OF 46. I AM AN INVISIBLE COMPOSER. MY DREAM IS TO RECORD MY SONGS.  COULD YOU HELP ME? PLEASE! PLEASE! I TRUST THAT THE YOU WILL GIVE ME A  CHANCE. I HAVE 109 VIDEOS IN THE YOUTUBE: deciocabelo canal. KATY PERRY, I  WAS BORN IN OCTOBER 25, TOO. THANK YOU VERY MUCH!!! DECIO HAIR.ãØ®"
ham,Honestly speaking except taylor swift and adele i don't lile any of the  modern day singers. But i must say whenever i hear this song i feel  goosebumps. Its quite inspiring!! Thanks miss Perry!ãØ®
ham,who is going to reach the billion first : katy or taylor ?ãØ®
ham,"<a href=""http://www.youtube.com/watch?v=KQ6zr6kCPj8&amp;t=2m19s"">2:19</a> best partãØ®"
ham,wierd but funnyãØ®
spam,"Hey guys, I&#39;m a human.<br /><br /><br />But I don&#39;t want to be a human, I want to be a sexy fucking giraffe.<br /><br /><br />I already have the money for the surgery to elongate my spinal core, the surgery to change my skin pigment, and everything else! Like this post so others can root me on in my dream!!!!<br /><br /><br />Im fucking with you, I make music, check out my first song! <a rel=""nofollow"" class=""ot-hashtag"" href=""https://plus.google.com/s/%23giraffebruuh"">#giraffebruuh</a>ãØ®"
ham,Party Rock....lol...who wants to shuffle!!!ãØ®
ham,Party rockãØ®
ham,ShuffleãØ®
ham,OmgãØ®
ham,This song is just really fun ãØ®
ham,Awsome<br />ãØ®
ham,wow!!!!!! increible song!!!!!!!!!ãØ®
ham,I love this song so muchãØ®
ham,2015 LIKEEEãØ®
ham,I miss when people dressed like this.ãØ®
ham,2011- the last year of decent music.ãØ®
ham,Best song ever!!!!ãØ®
ham,"super nice, love musiqueãØ®"
ham,wowwwwwwwwwwwwwwwwwwwwwwwwwwwwwwãØ®
ham,PARTY ROCK (8) ~ãØ®
ham,Thumbs up if you watched it in 2011ãØ®
ham,this is increideblãØ®
ham,LMFAO!!!!!!!!ãØ®
ham,just :( superr!!!ãØ®
ham,2015!! LLIKEE!!ãØ®
ham,Yeah! Let&#39;s start the party!ãØ®
ham,This awesome song needed 4 years to reach to 800 mil views while Tango Switch bitch needed 1 year. its not fairrrrrrrãØ®
ham,NICE GIRL :DãØ®
ham,I remember back when this was so popular everyone on our school was shuffling it was crazyãØ®
ham,LMFAO!ãØ®
ham,Super awesome video<br />ãØ®
ham,JUST DANCE 3 ????????????ãØ®
ham,"This Will Always Be My Favorite Song<br />But My Favorite Part Is <a href=""http://www.youtube.com/watch?v=KQ6zr6kCPj8&amp;t=3m40s"">3:40</a>-<a href=""http://www.youtube.com/watch?v=KQ6zr6kCPj8&amp;t=4m11s"">4:11</a> In The Video ãØ®"
ham,Party Rock<br />ãØ®
ham,"LMFAO - Party Rock Anthem ft. Lauren Bennett, GooÉ??: <a href=""https://youtu.be/KQ6zr6kCPj8"">https://youtu.be/KQ6zr6kCPj8</a>     <br />BOX MAN GOT SOME MOVES! :D HE MAKES MEH SMILEãØ®"
ham,This the best song i ever hire<br />ãØ®
ham,"Its funny that Mahogany is there lmao, I actually didn&#39;t know that her brother and uncle are part of LMFAOãØ®"
ham,"Party rock anthem is love,party rock anthem is lifeãØ®"
ham,"Stop,is a very TOP 1ãØ®"
ham,Ahhh back when my life didn&#39;t suck...ãØ®
ham,Party rock! XDãØ®
ham,CUTE?ˇ :)ãØ®
ham,LMFAO best songs ever!ãØ®
ham,"I fuckin love this song!<br /><br /><br />After, I&#39;m sexy and I know it ãØ®"
ham,they Shuffle hard that they made an Earthquake in NepalãØ®
ham,NiceãØ®
ham,still.. this reminds me of 1 years back when i was do shuffle everydayãØ®
ham,Love this song makes me wanna dance! ãØ®
ham,that time in 2011 where this shirt was coolãØ®
ham,Love this video and the song of courseãØ®
spam,Check out this video on YouTube:ãØ®
ham,Very Nice !!!<br />Yeah Fucking.ãØ®
ham,WELL THIS DUDES FADED THE FUCK OUT!ãØ®
ham,Ah. Good old times (:ãØ®
ham,old and good songãØ®
ham,coolãØ®
ham,not 2 million view anymore :))ãØ®
ham,GoodãØ®
spam,Check out this video on YouTube:ãØ®
spam,Check out this video on YouTube:<br />ãØ®
ham,Remeber the good ol&#39; days when songs weren&#39;t about butts.  ãØ®
ham,You are the music hero???ç????ãØ®
ham,i was born in the wrong generationãØ®
ham,Love this song makes me wanna dance! ãØ®
ham,Love this song makes me wanna dance! ãØ®
ham,Very good! Like! :DãØ®
ham,"the views...... They&#39;re over 90,000!!!!!!!!!!!!!!!!!!!!!!!!!!!!!!!!!!!!!!!!!!!!!!!!!!!!!!!!!!!!!!!!!!!!!!!!!!!!!!!!!!!!!!!!!ãØ®"
ham,love lmfao party rockin keep it goingãØ®
ham,Best Music Ever!!!ãØ®
ham,LikeeeeãØ®
ham,CoolãØ®
ham,Remeber when this song was goodãØ®
ham,2015 &lt;3ãØ®
ham,i want to be that robot guy...ãØ®
ham,I LOVE YOUR SONGSãØ®
ham,Omg it&#39;s going to have 1bi views!ãØ®
ham,Dance :)ãØ®
spam,Check out this video on YouTube:ãØ®
ham,5 years... ãØ®
ham,cool cool cool cool cool cool coolãØ®
ham,Wow I love it ãØ®
ham,Who knows the name of that girl?.. and that one.. and that one...ãØ®
ham,Why did they stop their career in music? This music rocks !ãØ®
ham,Very Nice !ãØ®
ham,Why sooooo many downs?ãØ®
ham,tensionÉ??ã??É??ã??ãØ®
ham,NiceãØ®
ham,2015<br />I like videoãØ®
ham,music yeahãØ®
ham,Like this in 2015! :DãØ®
ham,This was such an epic track. And the video is awesome!ãØ®
ham,LIKKEEãØ®
spam,give it a likeãØ®
ham,Lets partyãØ®
spam,"Support the fight for your 4th amendment right to privacy in your home and business. Stop the NSA spying on Americans with the un Patriot Act Renewal. Rand Paul has spent 10.5 hours on the Senate floor in a Protest and Filibuster fighting for our?ˇ Constitution that this Nation is founded on. Join the fight at Rand Paul dot com. Spread The Word. We Have Someone That Cares About Our Nation.?ˇ Email your Senators, Congress men and women, tell them to support Rand. Tell the news to support Rand too. Senator Rand Paul was up until <a href=""http://www.youtube.com/watch?v=KQ6zr6kCPj8&amp;t=1m00s"">1:00</a> am this morning fighting for our Constitution.ãØ®"
ham,"mindblowing dance.,.,.superbbb songãØ®"
ham,Anyone else think this video theme is a bit of an insult to 28 days later? ãØ®
spam,Check out this video on YouTube:ãØ®
ham,Never get old ãØ®
ham,I remember when this used to be so popular all around at the time.<br />I still love it.ãØ®
ham,Strong messages in every  song I&#39;ve  heard.ãØ®
ham,4 fucking years are fucking past so fucking fast fuck.....ãØ®
ham,I know it old song but (like) if you watching in 2015ãØ®
ham,i&#39;m watching this on summer 2015ãØ®
ham,I am going to blow my mindãØ®
ham,And i??m Shufflin still today :DãØ®
ham,This is my favorite song ever love this Party Rock It Everybody!!!!ãØ®
ham,1000000000 views.ãØ®
ham,lets get it to 1 BILLIONãØ®
ham,Love this soooooooooooooooooooooooooooooooooooooooooooooooooo muchãØ®
ham,I love this song so muchãØ®
spam,I&#39;m A SUBSCRIBERãØ®
ham,This Song is AWESOME!!!!ãØ®
ham,Best song ever made i swear :D i still hear even doe it old!! who else?ãØ®
ham,I came here because of Vanoss.ãØ®
ham,Best song for ever???????????õ<br />ãØ®
ham,epicãØ®
ham,"I like so much this music,  good ãØ®"
ham,Beautiful songãØ®
ham,Why do I feel like as if Gangnam style copied their song from this?!ãØ®
ham,"Damn, this was everywhereãØ®"
ham,Party time!ãØ®
ham,never gets oldãØ®
ham,this song is fu cking awesom!!!!!!!ãØ®
spam,HOW DO YOU PUT A PICTURE FOR YOUR IMAGE THINGIE?!?!ãØ®
spam,"okay, this should cover me for some time... Thumbs up if you&#39;re watching while youtube still exists.ãØ®"
ham,"This song is just insane.<br />Do you dance listening to this song?( i do, lol)ãØ®"
ham,:)ãØ®
spam,Thumbs up if shrek is gay ???çãØ®
ham,THUMBS UP FOR ROBO GUY BABYãØ®
ham,SERIOUSLY HOW DID THEY COME UP WITH THAT BEAT IT IS INSANELY GOOD HOLY FUCKãØ®
ham,BEST PARTY SONG LITERALLY PARTY ROCK IS IN THE HOUSEE TONIGHT!!!!ãØ®
ham,MemoriesãØ®
ham,I lovee it É?ùãØ®
ham,More views than nikki minaj AnacondaãØ®
ham,LMFAO IS THE BESTãØ®
ham,Who else saw jesses dancing sorry if I spelled it wrong  peaceÉ??ãØ®
ham,I like how the robot shuffles he shuffles goodãØ®
ham,you cant stop the shuffleãØ®
ham,Dang Dat little kid gat movesãØ®
ham,I miss this song. ???õãØ®
ham,Loves itãØ®
spam,Check out this video on YouTube:<br />Gotta dance and just have a blast every time I hear this song !!!! Just ÉùùloveÉùù it!<br />ãØ®
ham,Man this song really does get in your bones - one minute I&#39;m nearly dosing off to sleep - the next I&#39;m shuffling like crazy with hot feet XDãØ®
ham,That shake and that golden and black robot were really partying ãØ®
spam,Take a look at this video on YouTube:ãØ®
ham,cooooooooooooolllllllllllãØ®
ham,Wow;)ãØ®
ham,"OH SHIT THIS WAS UPLOADED ON MY BIRTHDAY, finally my birthday isnt a curse, because on this day maylaysia airlines went missing, so i thought my birthday was a curse xDãØ®"
ham,everyday I&#39;m shufflinãØ®
ham,everyday I&#39;m shufflinãØ®
spam,Thumbs up if FE-FE-FE-FE-FEGELEIN brought u hereãØ®
ham,Every day I&#39;m Shuffling !ãØ®
ham,cool song ever good thing its hereãØ®
ham,why does the world not shuffle???ãØ®
ham,"Love these guys, love the song!ãØ®"
ham,Its funny because I listen to rock and death metal. But i like this.ãØ®
ham,"Shuffling all the way with LMFAO! I like this one, wish I could shuffle like these crazy dudesãØ®"
ham,5th most viewed video.. i guessãØ®
ham,my favorite songãØ®
ham,I like this song<br />ãØ®
ham,Wow dance showãØ®
ham,AwesomeãØ®
spam,like if ur watchin in 90000000000000000000000000000000000000000000000000000000000000000000000000000000000000000000000000000000000000000000000000000000000000000000000000000000000000000000000000000000000000000000000000000000000000000000000000000000000000000000000000000000000000000000000000000000000000000000000000000000000000000000000000000000000000000000000000000000000000000?ˇ?ˇ?ˇ?ˇ?ˇ?ˇ?ˇ?ˇ?ˇ?ˇ?ˇ?ˇ?ˇ?ˇ?ˇ?ˇ?ˇ?ˇ?ˇ?ˇ?ˇ?ˇ?ˇ?ˇ?ˇ?ˇ?ˇ?ˇ?ˇ?ˇ?ˇ?ˇ?ˇ?ˇ?ˇ?ˇ?ˇ?ˇ?ˇ?ˇ?ˇ?ˇ?ˇ?ˇ?ˇ?ˇ?ˇ?ˇ?ˇ?ˇ?ˇ?ˇ?ˇ?ˇ?ˇ?ˇ?ˇ?ˇ?ˇ?ˇ?ˇ?ˇ?ˇ?ˇ?ˇ?ˇ?ˇ?ˇ?ˇ?ˇ?ˇ?ˇ?ˇ?ˇ?ˇ?ˇ?ˇ?ˇ?ˇ?ˇ?ˇ?ˇ?ˇ?ˇ?ˇ?ˇ?ˇ?ˇ?ˇ?ˇ?ˇ?ˇ?ˇ 1ãØ®
ham,Good times. ãØ®
ham,Laughing My Fucking Ass Off!!!ãØ®
ham,"when i see this back in 2015 i ask myself how people got to like this song. seems like Gangnam style copied this style though, might just be me but yeaãØ®"
ham,wait I SAW A KID NOT KIDDINGãØ®
ham,Party rock due and duelãØ®
ham,fucking love it omg :vãØ®
ham,this very good so I dance with some companions front of the whole schoolãØ®
spam,Check out this video on YouTube:ãØ®
ham,I could finally do the spongebob but I started yesterday XDãØ®
ham,Thumbs up if you&#39;re watching in 2015ãØ®
ham,I love itãØ®
ham,"LMFAO - Party Rock Anthem ft. Lauren Bennett, GoonRock.ãØ®"
ham,I hate it when Laura Bennett comes inãØ®
spam,SUBSCRIBE TO MY CHANNELãØ®
ham,Party in da ??èˇ tonight ???ê???ê???ê???ê???ê???êãØ®
ham,Best for partying ãØ®
ham,omgãØ®
ham,What&#39;s with the guys jacket? 1 sleeve and a sleeveless armãØ®
ham,Best song everãØ®
spam,Take a look at this video on YouTub<br />YouãØ®
ham,i like this steps...ãØ®
ham,Let get this video to one billion viewsãØ®
ham,In my head this is like 2 years ago.. Time FLIESãØ®
ham,"870,000,000 views...566,000 comments...oh my lantaãØ®"
ham,Its 2015 and still shuffling to this song???????Ê????ãØ®
spam,Check out this video on YouTube:ãØ®
ham,Who df is Lauren Bennett..ãØ®
ham,"So,coolã¨Åã¨ÅãØ®"
ham,awesomeãØ®
ham,"This is so cool,why haven&#39;t I heard this before?ãØ®"
ham,XD I WAS GOING CRAZY FUCKIN CRAZY WATCHIN THIS BRAHãØ®
ham,I shuffled while listening to this song. THE ILLNESS IS SPREADING!!ãØ®
ham,Way was their a guy warring a robot head.ãØ®
ham,like the songsãØ®
ham,"Almost 1 billion views, nice.ãØ®"
ham,sorry to all my haters<br /><br /><br /><br /><br /><br /><br /><br /><br /><br /><br /><br /><br />for party rock enãØ®
ham,I like it<br />ãØ®
ham,GoooooodãØ®
ham,:3ãØ®
ham,likeeeeeeeeeãØ®
ham,shuffle!!!!!!!!!!!!!!!!!!!!!!!!!!!!!!!!!!!!!!!!!!!!!!!!!!!!!!!!!!!!!!!!!!!!!!!!!!!!!!!!!!!!!!!!!!!!!!!!!!!!!!!!!!!!!!!!!!!!!!!!!!!!!!!!!!!!!!!!!!!!!!!!!!!!!!!!!!!!!!!!!!!!!!!!!!!!!!!!!!!!!!!!!!!!!!!ãØ®
ham,lol so funny love itãØ®
ham,good partyãØ®
spam,Do not like this comment if you are not watching in 2004ãØ®
spam,Check out this video on YouTube:ãØ®
spam,Check out this playlist on YouTube:ãØ®
spam,Check out this video on YouTube:ãØ®
spam,share your thoughtsãØ®
spam,subscribe me plzzzzzzz plzzzzzzzzzzzzzzzzzzzzzzzzzzzzzzzãØ®
spam,"YouTube collaborator&#39;s anyone? subscribe to me, I&#39;ll subscribe back. I also will start uploading more YouTube videos.  <a rel=""nofollow"" class=""ot-hashtag"" href=""https://plus.google.com/s/%23LMFAO"">#LMFAO</a>ãØ®"
spam,Guys lmfaois going to have a reunion on June/27/15 at expo Idaho gardens there going 2 performe live and there&#39;s going 2 be a press conference after to answer questions about were there been its all live on my channel I got publishing rights subscribe to my channel to watch the whole thing if u don&#39;t believe me look it up hope to see all u true fans there and yes it&#39;s free ãØ®
spam,IIIIIIIIIII LOVE THIS SHAKE IT SONG OH SORRY EVERY SHAKE IT SONG I LIKE WATCH SUBSCRIBE AND NEVER UNLIKE BROOOOO!!!!!!!!!!! SHAKE IT UPãØ®
spam,Check out this playlist on YouTube:mãØ®
spam,Check out this video on YouTube:<br /><br /><br /><br />ãØ®
spam,Check out this video on YouTube:ãØ®
spam,Who&#39;s watching in 2015 Subscribe for me !ãØ®
spam,Come subscribeãØ®
spam,SUBSCRIBE MY CHANNEL PLEASE LOL PRO PLAYS)ãØ®
spam,Check out this video on YouTube:ãØ®
spam,Check out this video on YouTube:ãØ®
spam,I just wanna see how many people like this comment. I&#39;ll give it a month or so :)ãØ®
spam,PLEASE DON&#39;T LIKE THIS COMMENT IF YOU ARE WATCHING IN 2015!!!!!!!!!!!ãØ®
spam,Check out this video on YouTube:ãØ®
spam,I like This Comment and do not kill :PãØ®
spam,Check out this video on YouTube:ãØ®
spam,Check out this playlist on YouTube:ãØ®
spam,Check out this video on YouTube:ãØ®
spam,Check out this video on YouTube:ãØ®
spam,Check out this video on YouTube:ãØ®
spam,Check out this video on YouTube:fb iãØ®
spam,ALL SCHOOL DROP OUTS I KNEW AS FRIENDS BEFORE THEY DECIDED TO DROP SCHOOL THINK THERE IS NO NEED FOR AN ID CARD OR A CERTIFICATION TO PROVE YOU ARE AN EDUCATED CLEAN IN CRIMINAL RECORD TALENTED PERSON TO WORK IN ANY ENTERTAINMENT FIELD WORLDWIDE. THEY THINK THEY COULD BE RICH ENTERTAINERS BY CONSOLIDATING WITH ACTORS / ACTRESSES AS WELL AS SINGERS FOR A SHARE OF PROFIT(S).ãØ®
spam,Check out this video on YouTube: ãØ®
spam,Check out this video on YouTube:ãØ®
spam,Check out this video on YouTube:ãØ®
spam,Check out this playlist on YouTube:??<br /><br /><br /><br />É?ß??è?É?ßÉ?ßãØ®
spam,Check out this video on YouTube:ãØ®
ham,watch this with sound off!ãØ®
